Auto Gain Control OFF,IR PA (mA)=10,Red PA (mA)=10,Sample Rate (Hz)=100,Pulse Width (usec)=400,FIFO Almost Full=17,FIFO Rolls on Full=Not Checked,Sample Averaging=2
IR Count, Red Count, Green Count, X Axis Acceleration, Y Axis Acceleration, Z Axis Acceleration, Heart Rate, HR Confidence, SPO2, Algorithm Status
253585,215626,--,0.000,0.000,0.000,0.0,0,100.0,3
253596,215617,--,0.000,0.000,0.000,0.0,0,100.0,3
253612,215605,--,0.000,0.000,0.000,0.0,0,100.0,3
253626,215613,--,0.000,0.000,0.000,0.0,0,100.0,3
253635,215608,--,0.000,0.000,0.000,0.0,0,100.0,3
253643,215620,--,0.000,0.000,0.000,0.0,0,100.0,3
253660,215601,--,0.000,0.000,0.000,0.0,0,100.0,3
253654,215601,--,0.000,0.000,0.000,0.0,0,100.0,3
253645,215595,--,0.000,0.000,0.000,0.0,0,100.0,3
253669,215587,--,0.000,0.000,0.000,0.0,0,100.0,3
253682,215595,--,0.000,0.000,0.000,0.0,0,100.0,3
253700,215595,--,0.000,0.000,0.000,0.0,0,100.0,3
126859,107795,--,0.000,0.000,0.000,0.0,0,100.0,3
253739,215591,--,0.000,0.000,0.000,0.0,0,100.0,3
253775,215586,--,0.000,0.000,0.000,0.0,0,100.0,3
253788,215590,--,0.000,0.000,0.000,0.0,0,100.0,3
253773,215572,--,0.000,0.000,0.000,0.0,0,100.0,3
253658,215521,--,0.000,0.000,0.000,0.0,0,100.0,3
253397,215437,--,0.000,0.000,0.000,0.0,0,100.0,3
253075,215328,--,0.000,0.000,0.000,0.0,0,100.0,3
252835,215259,--,0.000,0.000,0.000,0.0,0,100.0,3
252748,215218,--,0.000,0.000,0.000,0.0,0,100.0,3
252761,215219,--,0.000,0.000,0.000,0.0,0,100.0,3
252853,215233,--,0.000,0.000,0.000,0.0,0,100.0,3
252962,215250,--,0.000,0.000,0.000,0.0,0,100.0,3
253072,215282,--,0.000,0.000,0.000,0.0,0,100.0,3
253173,215309,--,0.000,0.000,0.000,0.0,0,100.0,3
253226,215312,--,0.000,0.000,0.000,0.0,0,100.0,3
253283,215320,--,0.000,0.000,0.000,0.0,0,100.0,3
253329,215331,--,0.000,0.000,0.000,0.0,0,100.0,3
253375,215335,--,0.000,0.000,0.000,0.0,0,100.0,3
253379,215329,--,0.000,0.000,0.000,0.0,0,100.0,3
253373,215317,--,0.000,0.000,0.000,0.0,0,100.0,3
253373,215311,--,0.000,0.000,0.000,0.0,0,100.0,3
253371,215311,--,0.000,0.000,0.000,0.0,0,100.0,3
253369,215298,--,0.000,0.000,0.000,0.0,0,100.0,3
253373,215296,--,0.000,0.000,0.000,0.0,0,100.0,3
253386,215282,--,0.000,0.000,0.000,0.0,0,100.0,3
253421,215283,--,0.000,0.000,0.000,0.0,0,100.0,3
253479,215290,--,0.000,0.000,0.000,0.0,0,100.0,3
253551,215312,--,0.000,0.000,0.000,0.0,0,100.0,3
253599,215317,--,0.000,0.000,0.000,0.0,0,100.0,3
253624,215327,--,0.000,0.000,0.000,0.0,0,100.0,3
253668,215326,--,0.000,0.000,0.000,0.0,0,100.0,3
253712,215337,--,0.000,0.000,0.000,0.0,0,100.0,3
253732,215339,--,0.000,0.000,0.000,0.0,0,100.0,3
253757,215327,--,0.000,0.000,0.000,0.0,0,100.0,3
253781,215333,--,0.000,0.000,0.000,0.0,0,100.0,3
253784,215318,--,0.000,0.000,0.000,0.0,0,100.0,3
253796,215324,--,0.000,0.000,0.000,0.0,0,100.0,3
253824,215321,--,0.000,0.000,0.000,0.0,0,100.0,3
253839,215323,--,0.000,0.000,0.000,0.0,0,100.0,3
253851,215314,--,0.000,0.000,0.000,0.0,0,100.0,3
253856,215307,--,0.000,0.000,0.000,0.0,0,100.0,3
253873,215306,--,0.000,0.000,0.000,0.0,0,100.0,3
253888,215306,--,0.000,0.000,0.000,0.0,0,100.0,3
253920,215306,--,0.000,0.000,0.000,0.0,0,100.0,3
253934,215297,--,0.000,0.000,0.000,0.0,0,100.0,3
253938,215290,--,0.000,0.000,0.000,0.0,0,100.0,3
253899,215270,--,0.000,0.000,0.000,0.0,0,100.0,3
253739,215205,--,0.000,0.000,0.000,0.0,0,100.0,3
253440,215095,--,0.000,0.000,0.000,0.0,0,100.0,3
253152,215009,--,0.000,0.000,0.000,0.0,0,100.0,3
252951,214951,--,0.000,0.000,0.000,0.0,0,100.0,3
252897,214931,--,0.000,0.000,0.000,0.0,0,100.0,3
252953,214942,--,0.000,0.000,0.000,0.0,0,100.0,3
253063,214957,--,0.000,0.000,0.000,0.0,0,100.0,3
253186,214983,--,0.000,0.000,0.000,0.0,0,100.0,3
253287,215005,--,0.000,0.000,0.000,0.0,0,100.0,3
253348,215011,--,0.000,0.000,0.000,0.0,0,100.0,3
253397,215018,--,0.000,0.000,0.000,0.0,0,100.0,3
253455,215022,--,0.000,0.000,0.000,0.0,0,100.0,3
253518,215031,--,0.000,0.000,0.000,0.0,0,100.0,3
253536,215036,--,0.000,0.000,0.000,0.0,0,100.0,3
253520,215022,--,0.000,0.000,0.000,0.0,0,100.0,3
253474,214997,--,0.000,0.000,0.000,0.0,0,100.0,3
253423,214975,--,0.000,0.000,0.000,0.0,0,100.0,3
253408,214965,--,0.000,0.000,0.000,0.0,0,100.0,3
253404,214949,--,0.000,0.000,0.000,0.0,0,100.0,3
253436,214949,--,0.000,0.000,0.000,0.0,0,100.0,3
253490,214967,--,0.000,0.000,0.000,0.0,0,100.0,3
253532,214971,--,0.000,0.000,0.000,0.0,0,100.0,3
253575,214974,--,0.000,0.000,0.000,0.0,0,100.0,3
253608,214971,--,0.000,0.000,0.000,0.0,0,100.0,3
253658,214983,--,0.000,0.000,0.000,0.0,0,100.0,3
253680,214986,--,0.000,0.000,0.000,0.0,0,100.0,3
253702,214983,--,0.000,0.000,0.000,0.0,0,100.0,3
253737,214990,--,0.000,0.000,0.000,0.0,0,100.0,3
253763,214983,--,0.000,0.000,0.000,0.0,0,100.0,3
253804,214993,--,0.000,0.000,0.000,0.0,0,100.0,3
253827,214989,--,0.000,0.000,0.000,0.0,0,100.0,3
253868,215009,--,0.000,0.000,0.000,0.0,0,100.0,3
253905,215014,--,0.000,0.000,0.000,0.0,0,100.0,3
253923,215010,--,0.000,0.000,0.000,0.0,0,100.0,3
253928,215006,--,0.000,0.000,0.000,0.0,0,100.0,3
253957,215011,--,0.000,0.000,0.000,0.0,0,100.0,3
253973,215005,--,0.000,0.000,0.000,0.0,0,100.0,3
254015,215003,--,0.000,0.000,0.000,0.0,0,100.0,3
254047,215012,--,0.000,0.000,0.000,0.0,0,100.0,3
254080,215011,--,0.000,0.000,0.000,0.0,0,100.0,3
254116,215021,--,0.000,0.000,0.000,0.0,0,100.0,3
254076,215011,--,0.000,0.000,0.000,0.0,0,100.0,3
253907,214946,--,0.000,0.000,0.000,0.0,0,100.0,3
253611,214838,--,0.000,0.000,0.000,0.0,0,100.0,3
253347,214754,--,0.000,0.000,0.000,0.0,0,100.0,3
253192,214705,--,0.000,0.000,0.000,0.0,0,100.0,3
253160,214691,--,0.000,0.000,0.000,0.0,0,100.0,3
253211,214685,--,0.000,0.000,0.000,0.0,0,100.0,3
253327,214723,--,0.000,0.000,0.000,0.0,0,100.0,3
253483,214762,--,0.000,0.000,0.000,0.0,0,100.0,3
253578,214787,--,0.000,0.000,0.000,0.0,0,100.0,3
253628,214790,--,0.000,0.000,0.000,0.0,0,100.0,3
253681,214799,--,0.000,0.000,0.000,0.0,0,100.0,3
253739,214810,--,0.000,0.000,0.000,0.0,0,100.0,3
253801,214823,--,0.000,0.000,0.000,0.0,0,100.0,3
253835,214835,--,0.000,0.000,0.000,0.0,0,100.0,3
253821,214809,--,0.000,0.000,0.000,0.0,0,100.0,3
253787,214794,--,0.000,0.000,0.000,0.0,0,100.0,3
253746,214765,--,0.000,0.000,0.000,0.0,0,100.0,3
253722,214755,--,0.000,0.000,0.000,0.0,0,100.0,3
253706,214731,--,0.000,0.000,0.000,0.0,0,100.0,3
253694,214714,--,0.000,0.000,0.000,0.0,0,100.0,3
253680,214691,--,0.000,0.000,0.000,0.0,0,100.0,3
253724,214701,--,0.000,0.000,0.000,0.0,0,100.0,3
253769,214716,--,0.000,0.000,0.000,0.0,0,100.0,3
253841,214736,--,0.000,0.000,0.000,0.0,0,100.0,3
253871,214735,--,0.000,0.000,0.000,0.0,0,100.0,3
253892,214736,--,0.000,0.000,0.000,0.0,0,100.0,3
253911,214731,--,0.000,0.000,0.000,0.0,0,100.0,3
253944,214731,--,0.000,0.000,0.000,0.0,0,100.0,3
253979,214741,--,0.000,0.000,0.000,0.0,0,100.0,3
254013,214746,--,0.000,0.000,0.000,0.0,0,100.0,3
254012,214739,--,0.000,0.000,0.000,0.0,0,100.0,3
254024,214745,--,0.000,0.000,0.000,0.0,0,100.0,3
254062,214750,--,0.000,0.000,0.000,0.0,0,100.0,3
254084,214749,--,0.000,0.000,0.000,0.0,0,100.0,3
254105,214740,--,0.000,0.000,0.000,0.0,0,100.0,3
254107,214739,--,0.000,0.000,0.000,0.0,0,100.0,3
254113,214729,--,0.000,0.000,0.000,0.0,0,100.0,3
254098,214711,--,0.000,0.000,0.000,0.0,0,100.0,3
254088,214690,--,0.000,0.000,0.000,0.0,0,100.0,3
254106,214693,--,0.000,0.000,0.000,0.0,0,100.0,3
254089,214689,--,0.000,0.000,0.000,0.0,0,100.0,3
253944,214624,--,0.000,0.000,0.000,0.0,0,100.0,3
253664,214525,--,0.000,0.000,0.000,0.0,0,100.0,3
253356,214430,--,0.000,0.000,0.000,0.0,0,100.0,3
253133,214358,--,0.000,0.000,0.000,0.0,0,100.0,3
253056,214327,--,0.000,0.000,0.000,0.0,0,100.0,3
253114,214340,--,0.000,0.000,0.000,0.0,0,100.0,3
253220,214363,--,0.000,0.000,0.000,0.0,0,100.0,3
253352,214396,--,0.000,0.000,0.000,0.0,0,100.0,3
253448,214423,--,0.000,0.000,0.000,0.0,0,100.0,3
253488,214430,--,0.000,0.000,0.000,0.0,0,100.0,3
253523,214434,--,0.000,0.000,0.000,0.0,0,100.0,3
253550,214427,--,0.000,0.000,0.000,0.0,0,100.0,3
253611,214442,--,0.000,0.000,0.000,0.0,0,100.0,3
253667,214456,--,0.000,0.000,0.000,0.0,0,100.0,3
253681,214454,--,0.000,0.000,0.000,0.0,0,100.0,3
253669,214438,--,0.000,0.000,0.000,0.0,0,100.0,3
253638,214426,--,0.000,0.000,0.000,0.0,0,100.0,3
253631,214413,--,0.000,0.000,0.000,0.0,0,100.0,3
253606,214399,--,0.000,0.000,0.000,0.0,0,100.0,3
253629,214404,--,0.000,0.000,0.000,0.0,0,100.0,3
253677,214414,--,0.000,0.000,0.000,0.0,0,100.0,3
253707,214417,--,0.000,0.000,0.000,0.0,0,100.0,3
253740,214416,--,0.000,0.000,0.000,0.0,0,100.0,3
253759,214411,--,0.000,0.000,0.000,0.0,0,100.0,3
253795,214413,--,0.000,0.000,0.000,0.0,0,100.0,3
253840,214423,--,0.000,0.000,0.000,0.0,0,100.0,3
253879,214427,--,0.000,0.000,0.000,0.0,0,100.0,3
253930,214448,--,0.000,0.000,0.000,0.0,0,100.0,3
253953,214456,--,0.000,0.000,0.000,0.0,0,100.0,3
253976,214450,--,0.000,0.000,0.000,0.0,0,100.0,3
253979,214446,--,0.000,0.000,0.000,0.0,0,100.0,3
253982,214435,--,0.000,0.000,0.000,0.0,0,100.0,3
253974,214420,--,0.000,0.000,0.000,0.0,0,100.0,3
254006,214421,--,0.000,0.000,0.000,0.0,0,100.0,3
254019,214427,--,0.000,0.000,0.000,0.0,0,100.0,3
254048,214434,--,0.000,0.000,0.000,0.0,0,100.0,3
254086,214443,--,0.000,0.000,0.000,0.0,0,100.0,3
254096,214434,--,0.000,0.000,0.000,0.0,0,100.0,3
254118,214440,--,0.000,0.000,0.000,0.0,0,100.0,3
254138,214436,--,0.000,0.000,0.000,0.0,0,100.0,3
254125,214423,--,0.000,0.000,0.000,0.0,0,100.0,3
253981,214377,--,0.000,0.000,0.000,0.0,0,100.0,3
253701,214286,--,0.000,0.000,0.000,0.0,0,100.0,3
253417,214193,--,0.000,0.000,0.000,0.0,0,100.0,3
253222,214127,--,0.000,0.000,0.000,0.0,0,100.0,3
253202,214119,--,0.000,0.000,0.000,0.0,0,100.0,3
253287,214135,--,0.000,0.000,0.000,0.0,0,100.0,3
253389,214157,--,0.000,0.000,0.000,0.0,0,100.0,3
253506,214180,--,0.000,0.000,0.000,0.0,0,100.0,3
253614,214209,--,0.000,0.000,0.000,0.0,0,100.0,3
253691,214236,--,0.000,0.000,0.000,0.0,0,100.0,3
253727,214243,--,0.000,0.000,0.000,0.0,0,100.0,3
253777,214250,--,0.000,0.000,0.000,0.0,0,100.0,3
253823,214249,--,0.000,0.000,0.000,0.0,0,100.0,3
253854,214260,--,0.000,0.000,0.000,0.0,0,100.0,3
253858,214260,--,0.000,0.000,0.000,0.0,0,100.0,3
253844,214253,--,0.000,0.000,0.000,0.0,0,100.0,3
253824,214242,--,0.000,0.000,0.000,0.0,0,100.0,3
253814,214232,--,0.000,0.000,0.000,0.0,0,100.0,3
253801,214227,--,0.000,0.000,0.000,0.0,0,100.0,3
253783,214204,--,0.000,0.000,0.000,0.0,0,0.0,3
253768,214176,--,0.000,0.000,0.000,0.0,0,0.0,3
253763,214157,--,0.000,0.000,0.000,0.0,0,0.0,3
253773,214153,--,0.000,0.000,0.000,0.0,0,0.0,3
253821,214162,--,0.000,0.000,0.000,0.0,0,0.0,3
253886,214170,--,0.000,0.000,0.000,0.0,0,0.0,3
253917,214175,--,0.000,0.000,0.000,0.0,0,0.0,3
253936,214175,--,0.000,0.000,0.000,0.0,0,0.0,3
253964,214176,--,0.000,0.000,0.000,0.0,0,0.0,3
253987,214177,--,0.000,0.000,0.000,0.0,0,0.0,3
254012,214178,--,0.000,0.000,0.000,0.0,0,0.0,3
254020,214172,--,0.000,0.000,0.000,0.0,0,0.0,3
254057,214181,--,0.000,0.000,0.000,0.0,0,0.0,3
254104,214207,--,0.000,0.000,0.000,0.0,0,0.0,3
254194,214239,--,0.000,0.000,0.000,0.0,0,0.0,3
254260,214262,--,0.000,0.000,0.000,0.0,0,0.0,3
254282,214263,--,0.000,0.000,0.000,0.0,0,0.0,3
254286,214265,--,0.000,0.000,0.000,0.0,0,0.0,3
254303,214265,--,0.000,0.000,0.000,0.0,0,0.0,3
254353,214282,--,0.000,0.000,0.000,0.0,0,0.0,3
254408,214303,--,0.000,0.000,0.000,0.0,0,0.0,3
254365,214291,--,0.000,0.000,0.000,0.0,0,0.0,3
254188,214224,--,0.000,0.000,0.000,0.0,0,0.0,3
253945,214134,--,0.000,0.000,0.000,0.0,0,0.0,3
253761,214083,--,0.000,0.000,0.000,0.0,0,0.0,3
253692,214055,--,0.000,0.000,0.000,0.0,0,0.0,3
253673,214027,--,0.000,0.000,0.000,0.0,0,0.0,3
253755,214046,--,0.000,0.000,0.000,0.0,0,0.0,3
253855,214068,--,0.000,0.000,0.000,0.0,0,0.0,3
253930,214089,--,0.000,0.000,0.000,0.0,0,0.0,3
254007,214110,--,0.000,0.000,0.000,0.0,0,0.0,3
254082,214131,--,0.000,0.000,0.000,0.0,0,0.0,3
254146,214145,--,0.000,0.000,0.000,0.0,0,0.0,3
254192,214158,--,0.000,0.000,0.000,0.0,0,0.0,3
254227,214158,--,0.000,0.000,0.000,0.0,0,0.0,3
254262,214186,--,0.000,0.000,0.000,0.0,0,0.0,3
254272,214177,--,0.000,0.000,0.000,0.0,0,0.0,3
254284,214178,--,0.000,0.000,0.000,0.0,0,0.0,3
254301,214185,--,0.000,0.000,0.000,0.0,0,0.0,3
254310,214192,--,0.000,0.000,0.000,0.0,0,0.0,3
254310,214193,--,0.000,0.000,0.000,0.0,0,0.0,3
254289,214176,--,0.000,0.000,0.000,0.0,0,0.0,3
254264,214161,--,0.000,0.000,0.000,0.0,0,0.0,3
254262,214147,--,0.000,0.000,0.000,0.0,0,0.0,3
254279,214146,--,0.000,0.000,0.000,0.0,0,0.0,3
254304,214153,--,0.000,0.000,0.000,0.0,0,0.0,3
254318,214149,--,0.000,0.000,0.000,0.0,0,0.0,3
254298,214131,--,0.000,0.000,0.000,0.0,0,0.0,3
254268,214110,--,0.000,0.000,0.000,0.0,0,0.0,3
254275,214102,--,0.000,0.000,0.000,0.0,0,0.0,3
254259,214095,--,0.000,0.000,0.000,0.0,0,0.0,3
254251,214084,--,0.000,0.000,0.000,0.0,0,0.0,3
254239,214067,--,0.000,0.000,0.000,0.0,0,0.0,3
254198,214028,--,0.000,0.000,0.000,0.0,0,0.0,3
254156,213998,--,0.000,0.000,0.000,0.0,0,0.0,3
254148,213994,--,0.000,0.000,0.000,0.0,0,0.0,3
254197,214003,--,0.000,0.000,0.000,0.0,0,0.0,3
254247,214026,--,0.000,0.000,0.000,0.0,0,0.0,3
254266,214025,--,0.000,0.000,0.000,0.0,0,0.0,3
254272,214024,--,0.000,0.000,0.000,0.0,0,0.0,3
254202,213986,--,0.000,0.000,0.000,0.0,0,0.0,3
253979,213903,--,0.000,0.000,0.000,0.0,0,0.0,3
253703,213785,--,0.000,0.000,0.000,0.0,0,0.0,3
253488,213713,--,0.000,0.000,0.000,0.0,0,0.0,3
253439,213697,--,0.000,0.000,0.000,0.0,0,0.0,3
253527,213714,--,0.000,0.000,0.000,0.0,0,0.0,3
253654,213749,--,0.000,0.000,0.000,0.0,0,0.0,3
253757,213775,--,0.000,0.000,0.000,0.0,0,0.0,3
253814,213786,--,0.000,0.000,0.000,0.0,0,0.0,3
253850,213790,--,0.000,0.000,0.000,0.0,0,0.0,3
253909,213798,--,0.000,0.000,0.000,0.0,0,0.0,3
253963,213818,--,0.000,0.000,0.000,0.0,0,0.0,3
253980,213810,--,0.000,0.000,0.000,0.0,0,0.0,3
253981,213819,--,0.000,0.000,0.000,0.0,0,0.0,3
253948,213792,--,0.000,0.000,0.000,0.0,0,0.0,3
253932,213793,--,0.000,0.000,0.000,0.0,0,0.0,3
253893,213780,--,0.000,0.000,0.000,0.0,0,0.0,3
253832,213754,--,0.000,0.000,0.000,0.0,0,0.0,3
253763,213715,--,0.000,0.000,0.000,0.0,0,0.0,3
253729,213704,--,0.000,0.000,0.000,0.0,0,0.0,3
253730,213679,--,0.000,0.000,0.000,0.0,0,0.0,3
253774,213690,--,0.000,0.000,0.000,0.0,0,0.0,3
253834,213706,--,0.000,0.000,0.000,0.0,0,0.0,3
253909,213718,--,0.000,0.000,0.000,0.0,0,0.0,3
253955,213725,--,0.000,0.000,0.000,0.0,0,0.0,3
253970,213718,--,0.000,0.000,0.000,0.0,0,0.0,3
253980,213717,--,0.000,0.000,0.000,0.0,0,0.0,3
253973,213696,--,0.000,0.000,0.000,0.0,0,0.0,3
253975,213680,--,0.000,0.000,0.000,0.0,0,0.0,3
253983,213664,--,0.000,0.000,0.000,0.0,0,0.0,3
253990,213660,--,0.000,0.000,0.000,0.0,0,0.0,3
254007,213654,--,0.000,0.000,0.000,0.0,0,0.0,3
254045,213660,--,0.000,0.000,0.000,0.0,0,0.0,3
254067,213647,--,0.000,0.000,0.000,0.0,0,0.0,3
254082,213647,--,0.000,0.000,0.000,0.0,0,0.0,3
254098,213649,--,0.000,0.000,0.000,0.0,0,0.0,3
254089,213638,--,0.000,0.000,0.000,0.0,0,0.0,3
254003,213611,--,0.000,0.000,0.000,0.0,0,0.0,3
253756,213523,--,0.000,0.000,0.000,0.0,0,0.0,3
253421,213415,--,0.000,0.000,0.000,0.0,0,0.0,3
253146,213321,--,0.000,0.000,0.000,0.0,0,0.0,3
252989,213267,--,0.000,0.000,0.000,0.0,0,0.0,3
252959,213245,--,0.000,0.000,0.000,0.0,0,0.0,3
253011,213245,--,0.000,0.000,0.000,0.0,0,0.0,3
253085,213269,--,0.000,0.000,0.000,0.0,0,0.0,3
253162,213262,--,0.000,0.000,0.000,0.0,0,0.0,3
253209,213270,--,0.000,0.000,0.000,0.0,0,0.0,3
253229,213263,--,0.000,0.000,0.000,0.0,0,0.0,3
253251,213277,--,0.000,0.000,0.000,0.0,0,0.0,3
253309,213297,--,0.000,0.000,0.000,0.0,0,0.0,3
253385,213326,--,0.000,0.000,0.000,0.0,0,0.0,3
253423,213334,--,0.000,0.000,0.000,0.0,0,0.0,3
253439,213341,--,0.000,0.000,0.000,0.0,0,0.0,3
253456,213352,--,0.000,0.000,0.000,0.0,0,0.0,3
253444,213354,--,0.000,0.000,0.000,0.0,0,0.0,3
253434,213353,--,0.000,0.000,0.000,0.0,0,0.0,3
253457,213354,--,0.000,0.000,0.000,0.0,0,0.0,3
253465,213359,--,0.000,0.000,0.000,0.0,0,0.0,3
253493,213364,--,0.000,0.000,0.000,0.0,0,0.0,3
253511,213360,--,0.000,0.000,0.000,0.0,0,0.0,3
253535,213364,--,0.000,0.000,0.000,0.0,0,0.0,3
253576,213372,--,0.000,0.000,0.000,0.0,0,0.0,3
253619,213369,--,0.000,0.000,0.000,0.0,0,0.0,3
253644,213378,--,0.000,0.000,0.000,0.0,0,0.0,3
253662,213368,--,0.000,0.000,0.000,0.0,0,0.0,3
253712,213385,--,0.000,0.000,0.000,0.0,0,0.0,3
253747,213389,--,0.000,0.000,0.000,0.0,0,0.0,3
253754,213385,--,0.000,0.000,0.000,0.0,0,0.0,3
253748,213368,--,0.000,0.000,0.000,0.0,0,0.0,3
253745,213370,--,0.000,0.000,0.000,0.0,0,0.0,3
253763,213375,--,0.000,0.000,0.000,0.0,0,0.0,3
253785,213382,--,0.000,0.000,0.000,0.0,0,0.0,3
253791,213380,--,0.000,0.000,0.000,0.0,0,0.0,3
253821,213381,--,0.000,0.000,0.000,0.0,0,0.0,3
253779,213364,--,0.000,0.000,0.000,0.0,0,0.0,3
253551,213298,--,0.000,0.000,0.000,0.0,0,0.0,3
253195,213186,--,0.000,0.000,0.000,0.0,0,0.0,3
252881,213094,--,0.000,0.000,0.000,0.0,0,0.0,3
252740,213059,--,0.000,0.000,0.000,0.0,0,0.0,3
252738,213068,--,0.000,0.000,0.000,0.0,0,0.0,3
252800,213073,--,0.000,0.000,0.000,0.0,0,0.0,3
252880,213092,--,0.000,0.000,0.000,0.0,0,0.0,3
252957,213098,--,0.000,0.000,0.000,0.0,0,0.0,3
252997,213106,--,0.000,0.000,0.000,0.0,0,0.0,3
253028,213101,--,0.000,0.000,0.000,0.0,0,0.0,3
253064,213111,--,0.000,0.000,0.000,0.0,0,0.0,3
253122,213122,--,0.000,0.000,0.000,0.0,0,0.0,3
253219,213152,--,0.000,0.000,0.000,0.0,0,0.0,3
253314,213181,--,0.000,0.000,0.000,0.0,0,0.0,3
253355,213189,--,0.000,0.000,0.000,0.0,0,0.0,3
253341,213184,--,0.000,0.000,0.000,0.0,0,0.0,3
253316,213177,--,0.000,0.000,0.000,0.0,0,0.0,3
253300,213164,--,0.000,0.000,0.000,0.0,0,0.0,3
253316,213168,--,0.000,0.000,0.000,0.0,0,0.0,3
253344,213183,--,0.000,0.000,0.000,0.0,0,0.0,3
253400,213193,--,0.000,0.000,0.000,0.0,0,0.0,3
253493,213227,--,0.000,0.000,0.000,0.0,0,0.0,3
253589,213259,--,0.000,0.000,0.000,0.0,0,0.0,3
253660,213273,--,0.000,0.000,0.000,0.0,0,0.0,3
253711,213277,--,0.000,0.000,0.000,0.0,0,0.0,3
253736,213279,--,0.000,0.000,0.000,0.0,0,0.0,3
253776,213281,--,0.000,0.000,0.000,0.0,0,0.0,3
253776,213271,--,0.000,0.000,0.000,0.0,0,0.0,3
253767,213259,--,0.000,0.000,0.000,0.0,0,0.0,3
253750,213249,--,0.000,0.000,0.000,0.0,0,0.0,3
253773,213253,--,0.000,0.000,0.000,0.0,0,0.0,3
253803,213260,--,0.000,0.000,0.000,0.0,0,0.0,3
253849,213269,--,0.000,0.000,0.000,0.0,0,0.0,3
253876,213274,--,0.000,0.000,0.000,0.0,0,0.0,3
253891,213268,--,0.000,0.000,0.000,0.0,0,0.0,3
253900,213269,--,0.000,0.000,0.000,0.0,0,0.0,3
253888,213260,--,0.000,0.000,0.000,0.0,0,0.0,3
253772,213219,--,0.000,0.000,0.000,0.0,0,0.0,3
253501,213129,--,0.000,0.000,0.000,0.0,0,0.0,3
253109,213017,--,0.000,0.000,0.000,0.0,0,0.0,3
252792,212917,--,0.000,0.000,0.000,0.0,0,0.0,3
252638,212859,--,0.000,0.000,0.000,0.0,0,0.0,3
252642,212862,--,0.000,0.000,0.000,0.0,0,0.0,3
252723,212886,--,0.000,0.000,0.000,0.0,0,0.0,3
252828,212909,--,0.000,0.000,0.000,0.0,0,0.0,3
252928,212936,--,0.000,0.000,0.000,0.0,0,0.0,3
253003,212957,--,0.000,0.000,0.000,0.0,0,0.0,3
253042,212959,--,0.000,0.000,0.000,0.0,0,0.0,3
253074,212966,--,0.000,0.000,0.000,0.0,0,0.0,3
253138,212970,--,0.000,0.000,0.000,0.0,0,0.0,3
253213,212995,--,0.000,0.000,0.000,0.0,0,0.0,3
253290,213013,--,0.000,0.000,0.000,0.0,0,0.0,3
253333,213022,--,0.000,0.000,0.000,0.0,0,0.0,3
253326,213016,--,0.000,0.000,0.000,0.0,0,0.0,3
253296,212991,--,0.000,0.000,0.000,0.0,0,0.0,3
253251,212961,--,0.000,0.000,0.000,0.0,0,0.0,3
253216,212940,--,0.000,0.000,0.000,0.0,0,0.0,3
253241,212940,--,0.000,0.000,0.000,0.0,0,0.0,3
253309,212970,--,0.000,0.000,0.000,0.0,0,0.0,3
253366,212990,--,0.000,0.000,0.000,0.0,0,0.0,3
253423,213008,--,0.000,0.000,0.000,0.0,0,0.0,3
253468,213016,--,0.000,0.000,0.000,0.0,0,0.0,3
253506,213027,--,0.000,0.000,0.000,0.0,0,0.0,3
253564,213043,--,0.000,0.000,0.000,0.0,0,0.0,3
253597,213041,--,0.000,0.000,0.000,0.0,0,0.0,3
253620,213036,--,0.000,0.000,0.000,0.0,0,0.0,3
253653,213027,--,0.000,0.000,0.000,0.0,0,0.0,3
253677,213038,--,0.000,0.000,0.000,0.0,0,0.0,3
253692,213041,--,0.000,0.000,0.000,0.0,0,0.0,3
253712,213047,--,0.000,0.000,0.000,0.0,0,0.0,3
253728,213046,--,0.000,0.000,0.000,0.0,0,0.0,3
253753,213047,--,0.000,0.000,0.000,0.0,0,0.0,3
253750,213037,--,0.000,0.000,0.000,0.0,0,0.0,3
253764,213036,--,0.000,0.000,0.000,0.0,0,0.0,3
253782,213035,--,0.000,0.000,0.000,0.0,0,0.0,3
253703,213001,--,0.000,0.000,0.000,0.0,0,0.0,3
253421,212912,--,0.000,0.000,0.000,0.0,0,0.0,3
253008,212790,--,0.000,0.000,0.000,0.0,0,0.0,3
252671,212690,--,0.000,0.000,0.000,0.0,0,0.0,3
252504,212646,--,0.000,0.000,0.000,0.0,0,0.0,3
252479,212636,--,0.000,0.000,0.000,0.0,0,0.0,3
252578,212664,--,0.000,0.000,0.000,0.0,0,0.0,3
252702,212687,--,0.000,0.000,0.000,0.0,0,0.0,3
252787,212692,--,0.000,0.000,0.000,0.0,0,0.0,3
252840,212682,--,0.000,0.000,0.000,0.0,0,0.0,3
252894,212676,--,0.000,0.000,0.000,0.0,0,0.0,3
252948,212681,--,0.000,0.000,0.000,0.0,0,0.0,3
253023,212690,--,0.000,0.000,0.000,0.0,0,0.0,3
253119,212712,--,0.000,0.000,0.000,0.0,0,0.0,3
253202,212738,--,0.000,0.000,0.000,0.0,0,0.0,3
253232,212740,--,0.000,0.000,0.000,0.0,0,0.0,3
253232,212736,--,0.000,0.000,0.000,0.0,0,0.0,3
253239,212755,--,0.000,0.000,0.000,0.0,0,0.0,3
253240,212754,--,0.000,0.000,0.000,0.0,0,0.0,3
253248,212750,--,0.000,0.000,0.000,0.0,0,0.0,3
253267,212735,--,0.000,0.000,0.000,0.0,0,0.0,3
253370,212753,--,0.000,0.000,0.000,0.0,0,0.0,3
253483,212785,--,0.000,0.000,0.000,0.0,0,0.0,3
253569,212809,--,0.000,0.000,0.000,0.0,0,0.0,3
253632,212815,--,0.000,0.000,0.000,0.0,0,0.0,3
253728,212837,--,0.000,0.000,0.000,0.0,0,0.0,3
253803,212864,--,0.000,0.000,0.000,0.0,0,0.0,3
253877,212887,--,0.000,0.000,0.000,0.0,0,0.0,3
253951,212910,--,0.000,0.000,0.000,0.0,0,0.0,3
254042,212950,--,0.000,0.000,0.000,0.0,0,0.0,3
254113,212971,--,0.000,0.000,0.000,0.0,0,0.0,3
254154,212977,--,0.000,0.000,0.000,0.0,0,0.0,3
254199,212990,--,0.000,0.000,0.000,0.0,0,0.0,3
254233,213003,--,0.000,0.000,0.000,0.0,0,0.0,3
254262,213022,--,0.000,0.000,0.000,0.0,0,0.0,3
254247,213016,--,0.000,0.000,0.000,0.0,0,0.0,3
254162,212978,--,0.000,0.000,0.000,0.0,0,0.0,3
253941,212904,--,0.000,0.000,0.000,0.0,0,0.0,3
253560,212779,--,0.000,0.000,0.000,0.0,0,0.0,3
253143,212638,--,0.000,0.000,0.000,0.0,0,0.0,3
252837,212523,--,0.000,0.000,0.000,0.0,0,0.0,3
252718,212469,--,0.000,0.000,0.000,0.0,0,0.0,3
252740,212451,--,0.000,0.000,0.000,0.0,0,0.0,3
252859,212480,--,0.000,0.000,0.000,0.0,0,0.0,3
252994,212520,--,0.000,0.000,0.000,0.0,0,0.0,3
253126,212549,--,0.000,0.000,0.000,0.0,0,0.0,3
253196,212555,--,0.000,0.000,0.000,0.0,0,0.0,3
253251,212559,--,0.000,0.000,0.000,0.0,0,0.0,3
253317,212573,--,0.000,0.000,0.000,0.0,0,0.0,3
253404,212588,--,0.000,0.000,0.000,0.0,0,0.0,3
253477,212597,--,0.000,0.000,0.000,0.0,0,0.0,3
253513,212593,--,0.000,0.000,0.000,0.0,0,0.0,3
253500,212583,--,0.000,0.000,0.000,0.0,0,0.0,3
253471,212572,--,0.000,0.000,0.000,0.0,0,0.0,3
253465,212564,--,0.000,0.000,0.000,0.0,0,0.0,3
253466,212559,--,0.000,0.000,0.000,0.0,0,0.0,3
253462,212560,--,0.000,0.000,0.000,0.0,0,0.0,3
253487,212562,--,0.000,0.000,0.000,0.0,0,0.0,3
253515,212576,--,0.000,0.000,0.000,0.0,0,0.0,3
253567,212590,--,0.000,0.000,0.000,0.0,0,0.0,3
253624,212614,--,0.000,0.000,0.000,0.0,0,0.0,3
253708,212652,--,0.000,0.000,0.000,0.0,0,0.0,3
253766,212672,--,0.000,0.000,0.000,0.0,0,0.0,3
253813,212683,--,0.000,0.000,0.000,0.0,0,0.0,3
253826,212690,--,0.000,0.000,0.000,0.0,0,0.0,3
253834,212677,--,0.000,0.000,0.000,0.0,0,0.0,3
253852,212676,--,0.000,0.000,0.000,0.0,0,0.0,3
253860,212665,--,0.000,0.000,0.000,0.0,0,0.0,3
253871,212657,--,0.000,0.000,0.000,0.0,0,0.0,3
253877,212655,--,0.000,0.000,0.000,0.0,0,0.0,3
253860,212639,--,0.000,0.000,0.000,0.0,0,0.0,3
253867,212623,--,0.000,0.000,0.000,0.0,0,0.0,3
253859,212603,--,0.000,0.000,0.000,0.0,0,0.0,3
253841,212579,--,0.000,0.000,0.000,0.0,0,0.0,3
253714,212530,--,0.000,0.000,0.000,0.0,0,0.0,3
253405,212413,--,0.000,0.000,0.000,0.0,0,0.0,3
253085,212322,--,0.000,0.000,0.000,0.0,0,0.0,3
252918,212286,--,0.000,0.000,0.000,0.0,0,0.0,3
252928,212309,--,0.000,0.000,0.000,0.0,0,0.0,3
253033,212359,--,0.000,0.000,0.000,0.0,0,0.0,3
253132,212387,--,0.000,0.000,0.000,0.0,0,0.0,3
253194,212394,--,0.000,0.000,0.000,0.0,0,0.0,3
253284,212407,--,0.000,0.000,0.000,0.0,0,0.0,3
253367,212438,--,0.000,0.000,0.000,0.0,0,0.0,3
253428,212426,--,0.000,0.000,0.000,0.0,0,0.0,3
253468,212415,--,0.000,0.000,0.000,0.0,0,0.0,3
253493,212387,--,0.000,0.000,0.000,0.0,0,0.0,3
253521,212376,--,0.000,0.000,0.000,0.0,0,0.0,3
253552,212386,--,0.000,0.000,0.000,0.0,0,0.0,3
253584,212386,--,0.000,0.000,0.000,0.0,0,0.0,3
253602,212386,--,0.000,0.000,0.000,0.0,0,0.0,3
253580,212379,--,0.000,0.000,0.000,0.0,0,0.0,3
253573,212366,--,0.000,0.000,0.000,0.0,0,0.0,3
253582,212368,--,0.000,0.000,0.000,0.0,0,0.0,3
253621,212391,--,0.000,0.000,0.000,0.0,0,0.0,3
253695,212433,--,0.000,0.000,0.000,0.0,0,0.0,3
253763,212454,--,0.000,0.000,0.000,0.0,0,0.0,3
253791,212460,--,0.000,0.000,0.000,0.0,0,0.0,3
253795,212445,--,0.000,0.000,0.000,0.0,0,0.0,3
253809,212434,--,0.000,0.000,0.000,0.0,0,0.0,3
253824,212416,--,0.000,0.000,0.000,0.0,0,0.0,3
253833,212397,--,0.000,0.000,0.000,0.0,0,0.0,3
253854,212373,--,0.000,0.000,0.000,0.0,0,0.0,3
253868,212370,--,0.000,0.000,0.000,0.0,0,0.0,3
253894,212362,--,0.000,0.000,0.000,0.0,0,0.0,3
253918,212361,--,0.000,0.000,0.000,0.0,0,0.0,3
253959,212381,--,0.000,0.000,0.000,0.0,0,0.0,3
254007,212406,--,0.000,0.000,0.000,0.0,0,0.0,3
254044,212414,--,0.000,0.000,0.000,0.0,0,0.0,3
254039,212419,--,0.000,0.000,0.000,0.0,0,0.0,3
253975,212397,--,0.000,0.000,0.000,0.0,0,0.0,3
253745,212308,--,0.000,0.000,0.000,0.0,0,0.0,3
253346,212170,--,0.000,0.000,0.000,0.0,0,0.0,3
252989,212046,--,0.000,0.000,0.000,0.0,0,0.0,3
252861,212002,--,0.000,0.000,0.000,0.0,0,0.0,3
252877,211991,--,0.000,0.000,0.000,0.0,0,0.0,3
252964,212007,--,0.000,0.000,0.000,0.0,0,0.0,3
253069,212015,--,0.000,0.000,0.000,0.0,0,0.0,3
253223,212063,--,0.000,0.000,0.000,0.0,0,0.0,3
253325,212091,--,0.000,0.000,0.000,0.0,0,0.0,3
253370,212093,--,0.000,0.000,0.000,0.0,0,0.0,3
253430,212110,--,0.000,0.000,0.000,0.0,0,0.0,3
253485,212127,--,0.000,0.000,0.000,0.0,0,0.0,3
253516,212128,--,0.000,0.000,0.000,0.0,0,0.0,3
253490,212131,--,0.000,0.000,0.000,0.0,0,0.0,3
253448,212112,--,0.000,0.000,0.000,0.0,0,0.0,3
253432,212117,--,0.000,0.000,0.000,0.0,0,0.0,3
253416,212119,--,0.000,0.000,0.000,0.0,0,0.0,3
253408,212110,--,0.000,0.000,0.000,0.0,0,0.0,3
253413,212091,--,0.000,0.000,0.000,0.0,0,0.0,3
253447,212095,--,0.000,0.000,0.000,0.0,0,0.0,3
253527,212095,--,0.000,0.000,0.000,0.0,0,0.0,3
253581,212091,--,0.000,0.000,0.000,0.0,0,0.0,3
253608,212084,--,0.000,0.000,0.000,0.0,0,0.0,3
253628,212087,--,0.000,0.000,0.000,0.0,0,0.0,3
253656,212095,--,0.000,0.000,0.000,0.0,0,0.0,3
253705,212117,--,0.000,0.000,0.000,0.0,0,0.0,3
253759,212144,--,0.000,0.000,0.000,0.0,0,0.0,3
253822,212168,--,0.000,0.000,0.000,0.0,0,0.0,3
253854,212186,--,0.000,0.000,0.000,0.0,0,0.0,3
253881,212202,--,0.000,0.000,0.000,0.0,0,0.0,3
253896,212207,--,0.000,0.000,0.000,0.0,0,0.0,3
253875,212185,--,0.000,0.000,0.000,0.0,0,0.0,3
253870,212166,--,0.000,0.000,0.000,0.0,0,0.0,3
253875,212156,--,0.000,0.000,0.000,0.0,0,0.0,3
253885,212152,--,0.000,0.000,0.000,0.0,0,0.0,3
253825,212125,--,0.000,0.000,0.000,0.0,0,0.0,3
253613,212052,--,0.000,0.000,0.000,0.0,0,0.0,3
253304,211942,--,0.000,0.000,0.000,0.0,0,0.0,3
253026,211844,--,0.000,0.000,0.000,0.0,0,0.0,3
252943,211800,--,0.000,0.000,0.000,0.0,0,0.0,3
253003,211807,--,0.000,0.000,0.000,0.0,0,0.0,3
253151,211832,--,0.000,0.000,0.000,0.0,0,0.0,3
253317,211858,--,0.000,0.000,0.000,0.0,0,0.0,3
253460,211894,--,0.000,0.000,0.000,0.0,0,0.0,3
253538,211899,--,0.000,0.000,0.000,0.0,0,0.0,3
253559,211895,--,0.000,0.000,0.000,0.0,0,0.0,3
253582,211906,--,0.000,0.000,0.000,0.0,0,0.0,3
253636,211927,--,0.000,0.000,0.000,0.0,0,0.0,3
253682,211950,--,0.000,0.000,0.000,0.0,0,0.0,3
253701,211950,--,0.000,0.000,0.000,0.0,0,0.0,3
253708,211946,--,0.000,0.000,0.000,0.0,0,0.0,3
253698,211929,--,0.000,0.000,0.000,0.0,0,0.0,3
253691,211917,--,0.000,0.000,0.000,0.0,0,0.0,3
253673,211911,--,0.000,0.000,0.000,0.0,0,0.0,3
253691,211917,--,0.000,0.000,0.000,0.0,0,0.0,3
253701,211938,--,0.000,0.000,0.000,0.0,0,0.0,3
253735,211934,--,0.000,0.000,0.000,0.0,0,0.0,3
253749,211933,--,0.000,0.000,0.000,0.0,0,0.0,3
253768,211948,--,0.000,0.000,0.000,0.0,0,0.0,3
253792,211951,--,0.000,0.000,0.000,0.0,0,0.0,3
253827,211960,--,0.000,0.000,0.000,0.0,0,0.0,3
253855,211975,--,0.000,0.000,0.000,0.0,0,0.0,3
253863,211970,--,0.000,0.000,0.000,0.0,0,0.0,3
253873,211975,--,0.000,0.000,0.000,0.0,0,0.0,3
253890,211974,--,0.000,0.000,0.000,0.0,0,0.0,3
253914,211974,--,0.000,0.000,0.000,0.0,0,0.0,3
253918,211968,--,0.000,0.000,0.000,0.0,0,0.0,3
253893,211962,--,0.000,0.000,0.000,0.0,0,0.0,3
253883,211946,--,0.000,0.000,0.000,0.0,0,0.0,3
253888,211956,--,0.000,0.000,0.000,0.0,0,0.0,3
253850,211947,--,0.000,0.000,0.000,0.0,0,0.0,3
253634,211874,--,0.000,0.000,0.000,0.0,0,0.0,3
253325,211776,--,0.000,0.000,0.000,0.0,0,0.0,3
253034,211685,--,0.000,0.000,0.000,0.0,0,0.0,3
252868,211634,--,0.000,0.000,0.000,0.0,0,0.0,3
252827,211612,--,0.000,0.000,0.000,0.0,0,0.0,3
252877,211632,--,0.000,0.000,0.000,0.0,0,0.0,3
253010,211674,--,0.000,0.000,0.000,0.0,0,0.0,3
253140,211734,--,0.000,0.000,0.000,0.0,0,0.0,3
253209,211756,--,0.000,0.000,0.000,0.0,0,0.0,3
253211,211737,--,0.000,0.000,0.000,0.0,0,0.0,3
253265,211763,--,0.000,0.000,0.000,0.0,0,0.0,3
253356,211786,--,0.000,0.000,0.000,0.0,0,0.0,3
253466,211812,--,0.000,0.000,0.000,0.0,0,0.0,3
253584,211862,--,0.000,0.000,0.000,0.0,0,0.0,3
253636,211866,--,0.000,0.000,0.000,0.0,0,0.0,3
253641,211859,--,0.000,0.000,0.000,0.0,0,0.0,3
253607,211836,--,0.000,0.000,0.000,0.0,0,0.0,3
253604,211830,--,0.000,0.000,0.000,0.0,0,0.0,3
253606,211834,--,0.000,0.000,0.000,0.0,0,0.0,3
253608,211824,--,0.000,0.000,0.000,0.0,0,0.0,3
253611,211801,--,0.000,0.000,0.000,0.0,0,0.0,3
253626,211798,--,0.000,0.000,0.000,0.0,0,0.0,3
253659,211795,--,0.000,0.000,0.000,0.0,0,0.0,3
253694,211804,--,0.000,0.000,0.000,0.0,0,0.0,3
253736,211820,--,0.000,0.000,0.000,0.0,0,0.0,3
253756,211830,--,0.000,0.000,0.000,0.0,0,0.0,3
253770,211830,--,0.000,0.000,0.000,0.0,0,0.0,3
253786,211832,--,0.000,0.000,0.000,0.0,0,0.0,3
253792,211821,--,0.000,0.000,0.000,0.0,0,0.0,3
253792,211818,--,0.000,0.000,0.000,0.0,0,0.0,3
253777,211790,--,0.000,0.000,0.000,0.0,0,0.0,3
253762,211784,--,0.000,0.000,0.000,0.0,0,0.0,3
253776,211784,--,0.000,0.000,0.000,0.0,0,0.0,3
253763,211771,--,0.000,0.000,0.000,0.0,0,0.0,3
253684,211742,--,0.000,0.000,0.000,0.0,0,0.0,3
253428,211658,--,0.000,0.000,0.000,0.0,0,0.0,3
253073,211551,--,0.000,0.000,0.000,0.0,0,0.0,3
252836,211477,--,0.000,0.000,0.000,0.0,0,0.0,3
252694,211433,--,0.000,0.000,0.000,0.0,0,0.0,3
252651,211404,--,0.000,0.000,0.000,0.0,0,0.0,3
252677,211391,--,0.000,0.000,0.000,0.0,0,0.0,3
252757,211400,--,0.000,0.000,0.000,0.0,0,0.0,3
252803,211411,--,0.000,0.000,0.000,0.0,0,0.0,3
252874,211426,--,0.000,0.000,0.000,0.0,0,0.0,3
252920,211438,--,0.000,0.000,0.000,0.0,0,0.0,3
252953,211446,--,0.000,0.000,0.000,0.0,0,0.0,3
252968,211440,--,0.000,0.000,0.000,0.0,0,0.0,3
253012,211455,--,0.000,0.000,0.000,0.0,0,0.0,3
253073,211486,--,0.000,0.000,0.000,0.0,0,0.0,3
253109,211495,--,0.000,0.000,0.000,0.0,0,0.0,3
253117,211500,--,0.000,0.000,0.000,0.0,0,0.0,3
253087,211487,--,0.000,0.000,0.000,0.0,0,0.0,3
253066,211474,--,0.000,0.000,0.000,0.0,0,0.0,3
253065,211462,--,0.000,0.000,0.000,0.0,0,0.0,3
253103,211471,--,0.000,0.000,0.000,0.0,0,0.0,3
253171,211493,--,0.000,0.000,0.000,0.0,0,0.0,3
253223,211516,--,0.000,0.000,0.000,0.0,0,0.0,3
253281,211539,--,0.000,0.000,0.000,0.0,0,0.0,3
253348,211562,--,0.000,0.000,0.000,0.0,0,0.0,3
253405,211583,--,0.000,0.000,0.000,0.0,0,0.0,3
253437,211599,--,0.000,0.000,0.000,0.0,0,0.0,3
253441,211599,--,0.000,0.000,0.000,0.0,0,0.0,3
253471,211604,--,0.000,0.000,0.000,0.0,0,0.0,3
253527,211620,--,0.000,0.000,0.000,0.0,0,0.0,3
253575,211637,--,0.000,0.000,0.000,0.0,0,0.0,3
253580,211646,--,0.000,0.000,0.000,0.0,0,0.0,3
253579,211631,--,0.000,0.000,0.000,0.0,0,0.0,3
253578,211624,--,0.000,0.000,0.000,0.0,0,0.0,3
253607,211633,--,0.000,0.000,0.000,0.0,0,0.0,3
253613,211634,--,0.000,0.000,0.000,0.0,0,0.0,3
253443,211575,--,0.000,0.000,0.000,0.0,0,0.0,3
253099,211450,--,0.000,0.000,0.000,0.0,0,0.0,3
252771,211341,--,0.000,0.000,0.000,0.0,0,0.0,3
252505,211254,--,0.000,0.000,0.000,0.0,0,0.0,3
252365,211202,--,0.000,0.000,0.000,0.0,0,0.0,3
252349,211197,--,0.000,0.000,0.000,0.0,0,0.0,3
252407,211200,--,0.000,0.000,0.000,0.0,0,0.0,3
252476,211204,--,0.000,0.000,0.000,0.0,0,0.0,3
252551,211218,--,0.000,0.000,0.000,0.0,0,0.0,3
252656,211247,--,0.000,0.000,0.000,0.0,0,0.0,3
252724,211268,--,0.000,0.000,0.000,0.0,0,0.0,3
252787,211289,--,0.000,0.000,0.000,0.0,0,0.0,3
252878,211314,--,0.000,0.000,0.000,0.0,0,0.0,3
252953,211338,--,0.000,0.000,0.000,0.0,0,0.0,3
252996,211338,--,0.000,0.000,0.000,0.0,0,0.0,3
252988,211328,--,0.000,0.000,0.000,0.0,0,0.0,3
252963,211314,--,0.000,0.000,0.000,0.0,0,0.0,3
252918,211293,--,0.000,0.000,0.000,0.0,0,0.0,3
252902,211274,--,0.000,0.000,0.000,0.0,0,0.0,3
252887,211248,--,0.000,0.000,0.000,0.0,0,0.0,3
252884,211226,--,0.000,0.000,0.000,0.0,0,0.0,3
252880,211219,--,0.000,0.000,0.000,0.0,0,0.0,3
252924,211215,--,0.000,0.000,0.000,0.0,0,0.0,3
252992,211223,--,0.000,0.000,0.000,0.0,0,0.0,3
253053,211234,--,0.000,0.000,0.000,0.0,0,0.0,3
253118,211251,--,0.000,0.000,0.000,0.0,0,0.0,3
253151,211257,--,0.000,0.000,0.000,0.0,0,0.0,3
253193,211261,--,0.000,0.000,0.000,0.0,0,0.0,3
253218,211250,--,0.000,0.000,0.000,0.0,0,0.0,3
253244,211261,--,0.000,0.000,0.000,0.0,0,0.0,3
253275,211252,--,0.000,0.000,0.000,0.0,0,0.0,3
253318,211261,--,0.000,0.000,0.000,0.0,0,0.0,3
253350,211265,--,0.000,0.000,0.000,0.0,0,0.0,3
253370,211267,--,0.000,0.000,0.000,0.0,0,0.0,3
253349,211252,--,0.000,0.000,0.000,0.0,0,0.0,3
253184,211202,--,0.000,0.000,0.000,0.0,0,0.0,3
252832,211105,--,0.000,0.000,0.000,0.0,0,0.0,3
252424,210982,--,0.000,0.000,0.000,0.0,0,0.0,3
252084,210878,--,0.000,0.000,0.000,0.0,0,0.0,3
251909,210826,--,0.000,0.000,0.000,0.0,0,0.0,3
251854,210817,--,0.000,0.000,0.000,0.0,0,0.0,3
251850,210817,--,0.000,0.000,0.000,0.0,0,0.0,3
251830,210798,--,0.000,0.000,0.000,0.0,0,0.0,3
251831,210784,--,0.000,0.000,0.000,0.0,0,0.0,3
251849,210775,--,0.000,0.000,0.000,0.0,0,0.0,3
251914,210790,--,0.000,0.000,0.000,0.0,0,0.0,3
252034,210829,--,0.000,0.000,0.000,0.0,0,0.0,3
252179,210879,--,0.000,0.000,0.000,0.0,0,0.0,3
252270,210902,--,0.000,0.000,0.000,0.0,0,0.0,3
252285,210909,--,0.000,0.000,0.000,0.0,0,0.0,3
252268,210912,--,0.000,0.000,0.000,0.0,0,0.0,3
252243,210913,--,0.000,0.000,0.000,0.0,0,0.0,3
252206,210898,--,0.000,0.000,0.000,0.0,0,0.0,3
252188,210893,--,0.000,0.000,0.000,0.0,0,0.0,3
252210,210899,--,0.000,0.000,0.000,0.0,0,0.0,3
252226,210892,--,0.000,0.000,0.000,0.0,0,0.0,3
252247,210884,--,0.000,0.000,0.000,0.0,0,0.0,3
252275,210886,--,0.000,0.000,0.000,0.0,0,0.0,3
252331,210889,--,0.000,0.000,0.000,0.0,0,0.0,3
252418,210911,--,0.000,0.000,0.000,0.0,0,0.0,3
252525,210927,--,0.000,0.000,0.000,0.0,0,0.0,3
252655,210958,--,0.000,0.000,0.000,0.0,0,0.0,3
252747,210972,--,0.000,0.000,0.000,0.0,0,0.0,3
252849,210993,--,0.000,0.000,0.000,0.0,0,0.0,3
252923,211003,--,0.000,0.000,0.000,0.0,0,0.0,3
252948,210999,--,0.000,0.000,0.000,0.0,0,0.0,3
252951,210986,--,0.000,0.000,0.000,0.0,0,0.0,3
252941,210976,--,0.000,0.000,0.000,0.0,0,0.0,3
252947,210967,--,0.000,0.000,0.000,0.0,0,0.0,3
252960,210965,--,0.000,0.000,0.000,0.0,0,0.0,3
252853,210927,--,0.000,0.000,0.000,0.0,0,0.0,3
252513,210830,--,0.000,0.000,0.000,0.0,0,0.0,3
252051,210681,--,0.000,0.000,0.000,0.0,0,0.0,3
251686,210560,--,0.000,0.000,0.000,0.0,0,0.0,3
251557,210524,--,0.000,0.000,0.000,0.0,0,0.0,3
251555,210532,--,0.000,0.000,0.000,0.0,0,0.0,3
251622,210559,--,0.000,0.000,0.000,0.0,0,0.0,3
251696,210591,--,0.000,0.000,0.000,0.0,0,0.0,3
251756,210610,--,0.000,0.000,0.000,0.0,0,0.0,3
251812,210640,--,0.000,0.000,0.000,0.0,0,0.0,3
251884,210655,--,0.000,0.000,0.000,0.0,0,0.0,3
251977,210675,--,0.000,0.000,0.000,0.0,0,0.0,3
252099,210710,--,0.000,0.000,0.000,0.0,0,0.0,3
252221,210738,--,0.000,0.000,0.000,0.0,0,0.0,3
252307,210768,--,0.000,0.000,0.000,0.0,0,0.0,3
252302,210762,--,0.000,0.000,0.000,0.0,0,0.0,3
252229,210729,--,0.000,0.000,0.000,0.0,0,0.0,3
252168,210717,--,0.000,0.000,0.000,0.0,0,0.0,3
252131,210708,--,0.000,0.000,0.000,0.0,0,0.0,3
252129,210695,--,0.000,0.000,0.000,0.0,0,0.0,3
252166,210710,--,0.000,0.000,0.000,0.0,0,0.0,3
252210,210723,--,0.000,0.000,0.000,0.0,0,0.0,3
252259,210739,--,0.000,0.000,0.000,0.0,0,0.0,3
252323,210754,--,0.000,0.000,0.000,0.0,0,0.0,3
252381,210775,--,0.000,0.000,0.000,0.0,0,0.0,3
252453,210796,--,0.000,0.000,0.000,0.0,0,0.0,3
252525,210802,--,0.000,0.000,0.000,0.0,0,0.0,3
252574,210806,--,0.000,0.000,0.000,0.0,0,0.0,3
252614,210815,--,0.000,0.000,0.000,0.0,0,0.0,3
252646,210823,--,0.000,0.000,0.000,0.0,0,0.0,3
252701,210836,--,0.000,0.000,0.000,0.0,0,0.0,3
252750,210854,--,0.000,0.000,0.000,0.0,0,0.0,3
252779,210862,--,0.000,0.000,0.000,0.0,0,0.0,3
252789,210866,--,0.000,0.000,0.000,0.0,0,0.0,3
252782,210847,--,0.000,0.000,0.000,0.0,0,0.0,3
252669,210815,--,0.000,0.000,0.000,0.0,0,0.0,3
252371,210719,--,0.000,0.000,0.000,0.0,0,0.0,3
251962,210589,--,0.000,0.000,0.000,0.0,0,0.0,3
251657,210486,--,0.000,0.000,0.000,0.0,0,0.0,3
251506,210428,--,0.000,0.000,0.000,0.0,0,0.0,3
251477,210418,--,0.000,0.000,0.000,0.0,0,0.0,3
251501,210433,--,0.000,0.000,0.000,0.0,0,0.0,3
251569,210451,--,0.000,0.000,0.000,0.0,0,0.0,3
251638,210473,--,0.000,0.000,0.000,0.0,0,0.0,3
251676,210487,--,0.000,0.000,0.000,0.0,0,0.0,3
251712,210491,--,0.000,0.000,0.000,0.0,0,0.0,3
251773,210508,--,0.000,0.000,0.000,0.0,0,0.0,3
251872,210533,--,0.000,0.000,0.000,0.0,0,0.0,3
251978,210565,--,0.000,0.000,0.000,0.0,0,0.0,3
252046,210586,--,0.000,0.000,0.000,0.0,0,0.0,3
252060,210578,--,0.000,0.000,0.000,0.0,0,0.0,3
252047,210579,--,0.000,0.000,0.000,0.0,0,0.0,3
252031,210570,--,0.000,0.000,0.000,0.0,0,0.0,3
252016,210560,--,0.000,0.000,0.000,0.0,0,0.0,3
252029,210558,--,0.000,0.000,0.000,0.0,0,0.0,3
252033,210556,--,0.000,0.000,0.000,0.0,0,0.0,3
252069,210567,--,0.000,0.000,0.000,171.0,50,0.0,3
252136,210587,--,0.000,0.000,0.000,171.0,50,0.0,3
252217,210619,--,0.000,0.000,0.000,171.0,50,0.0,3
252295,210644,--,0.000,0.000,0.000,171.0,50,0.0,3
252340,210658,--,0.000,0.000,0.000,171.0,50,0.0,3
252384,210662,--,0.000,0.000,0.000,171.0,50,0.0,3
252470,210695,--,0.000,0.000,0.000,171.0,50,0.0,3
252557,210721,--,0.000,0.000,0.000,171.0,50,0.0,3
252614,210741,--,0.000,0.000,0.000,171.0,50,0.0,3
252661,210747,--,0.000,0.000,0.000,171.0,50,0.0,3
252686,210754,--,0.000,0.000,0.000,171.0,50,0.0,3
252706,210752,--,0.000,0.000,0.000,171.0,50,0.0,3
252740,210767,--,0.000,0.000,0.000,171.0,50,0.0,3
252738,210765,--,0.000,0.000,0.000,171.0,50,0.0,3
252582,210729,--,0.000,0.000,0.000,171.0,50,0.0,3
252205,210618,--,0.000,0.000,0.000,171.0,50,0.0,3
251816,210492,--,0.000,0.000,0.000,171.0,50,0.0,3
251565,210410,--,0.000,0.000,0.000,171.0,50,0.0,3
251489,210388,--,0.000,0.000,0.000,171.0,50,0.0,3
251532,210399,--,0.000,0.000,0.000,171.0,50,0.0,3
251613,210424,--,0.000,0.000,0.000,171.0,50,0.0,3
251686,210432,--,0.000,0.000,0.000,171.0,50,0.0,3
251762,210455,--,0.000,0.000,0.000,171.0,50,0.0,3
251829,210475,--,0.000,0.000,0.000,171.0,50,0.0,3
251938,210520,--,0.000,0.000,0.000,171.0,50,0.0,3
252097,210579,--,0.000,0.000,0.000,171.0,50,0.0,3
252216,210613,--,0.000,0.000,0.000,171.0,50,0.0,3
252265,210620,--,0.000,0.000,0.000,171.0,50,0.0,3
252268,210624,--,0.000,0.000,0.000,171.0,50,0.0,3
252216,210599,--,0.000,0.000,0.000,171.0,50,0.0,3
252133,210567,--,0.000,0.000,0.000,171.0,50,0.0,3
252084,210541,--,0.000,0.000,0.000,171.0,50,0.0,3
252045,210524,--,0.000,0.000,0.000,171.0,50,0.0,3
252042,210515,--,0.000,0.000,0.000,171.0,50,0.0,3
252095,210542,--,0.000,0.000,0.000,171.0,50,0.0,3
252167,210555,--,0.000,0.000,0.000,0.0,0,0.0,3
252244,210573,--,0.000,0.000,0.000,171.0,50,0.0,3
252318,210590,--,0.000,0.000,0.000,171.0,50,0.0,3
252409,210614,--,0.000,0.000,0.000,171.0,50,0.0,3
252488,210639,--,0.000,0.000,0.000,171.0,50,0.0,3
252576,210666,--,0.000,0.000,0.000,171.0,50,0.0,3
252628,210667,--,0.000,0.000,0.000,171.0,50,0.0,3
252652,210663,--,0.000,0.000,0.000,171.0,50,0.0,3
252658,210648,--,0.000,0.000,0.000,171.0,50,0.0,3
252641,210624,--,0.000,0.000,0.000,171.0,50,0.0,3
252661,210622,--,0.000,0.000,0.000,171.0,50,0.0,3
252696,210628,--,0.000,0.000,0.000,171.0,50,0.0,3
252709,210630,--,0.000,0.000,0.000,171.0,50,0.0,3
252636,210601,--,0.000,0.000,0.000,171.0,50,0.0,3
252359,210505,--,0.000,0.000,0.000,171.0,50,0.0,3
251938,210382,--,0.000,0.000,0.000,171.0,50,0.0,3
251616,210271,--,0.000,0.000,0.000,171.0,50,0.0,3
251463,210211,--,0.000,0.000,0.000,171.0,50,0.0,3
251435,210192,--,0.000,0.000,0.000,171.0,50,0.0,3
251481,210200,--,0.000,0.000,0.000,171.0,50,0.0,3
251546,210215,--,0.000,0.000,0.000,171.0,50,0.0,3
251636,210243,--,0.000,0.000,0.000,171.0,50,0.0,3
251738,210281,--,0.000,0.000,0.000,171.0,50,0.0,3
251834,210309,--,0.000,0.000,0.000,171.0,50,0.0,3
251942,210339,--,0.000,0.000,0.000,171.0,50,0.0,3
252033,210369,--,0.000,0.000,0.000,171.0,50,0.0,3
252084,210393,--,0.000,0.000,0.000,171.0,50,0.0,3
252106,210405,--,0.000,0.000,0.000,171.0,50,0.0,3
252085,210399,--,0.000,0.000,0.000,171.0,50,0.0,3
251998,210361,--,0.000,0.000,0.000,171.0,50,0.0,3
251906,210324,--,0.000,0.000,0.000,171.0,50,0.0,3
251858,210299,--,0.000,0.000,0.000,171.0,50,0.0,3
251860,210288,--,0.000,0.000,0.000,171.0,50,0.0,3
251909,210292,--,0.000,0.000,0.000,171.0,50,0.0,3
251963,210299,--,0.000,0.000,0.000,171.0,50,0.0,3
252020,210319,--,0.000,0.000,0.000,171.0,50,0.0,3
252068,210335,--,0.000,0.000,0.000,171.0,50,0.0,3
252123,210352,--,0.000,0.000,0.000,171.0,50,0.0,3
252166,210365,--,0.000,0.000,0.000,171.0,50,0.0,3
252201,210374,--,0.000,0.000,0.000,171.0,50,0.0,3
252282,210404,--,0.000,0.000,0.000,171.0,50,0.0,3
252352,210441,--,0.000,0.000,0.000,171.0,50,0.0,3
252410,210442,--,0.000,0.000,0.000,171.0,50,0.0,3
252433,210445,--,0.000,0.000,0.000,171.0,50,0.0,3
252457,210435,--,0.000,0.000,0.000,171.0,50,0.0,3
252481,210427,--,0.000,0.000,0.000,171.0,50,0.0,3
252554,210440,--,0.000,0.000,0.000,171.0,50,0.0,3
252587,210444,--,0.000,0.000,0.000,171.0,50,0.0,3
252458,210412,--,0.000,0.000,0.000,171.0,50,0.0,3
252085,210303,--,0.000,0.000,0.000,171.0,50,0.0,3
251647,210175,--,0.000,0.000,0.000,171.0,50,0.0,3
251367,210090,--,0.000,0.000,0.000,171.0,50,0.0,3
251251,210051,--,0.000,0.000,0.000,171.0,50,0.0,3
251249,210041,--,0.000,0.000,0.000,171.0,50,0.0,3
251300,210052,--,0.000,0.000,0.000,171.0,50,0.0,3
251354,210059,--,0.000,0.000,0.000,171.0,50,0.0,3
251417,210074,--,0.000,0.000,0.000,171.0,50,0.0,3
251490,210103,--,0.000,0.000,0.000,171.0,50,0.0,3
251557,210123,--,0.000,0.000,0.000,171.0,50,0.0,3
251668,210152,--,0.000,0.000,0.000,171.0,50,0.0,3
251772,210185,--,0.000,0.000,0.000,171.0,50,0.0,3
251865,210215,--,0.000,0.000,0.000,171.0,50,0.0,3
251943,210243,--,0.000,0.000,0.000,171.0,50,0.0,3
251988,210264,--,0.000,0.000,0.000,171.0,50,0.0,3
251985,210263,--,0.000,0.000,0.000,171.0,50,0.0,3
251913,210238,--,0.000,0.000,0.000,172.0,99,0.0,3
251858,210223,--,0.000,0.000,0.000,172.0,99,0.0,3
251882,210226,--,0.000,0.000,0.000,172.0,99,0.0,3
251953,210252,--,0.000,0.000,0.000,172.0,99,0.0,3
252070,210283,--,0.000,0.000,0.000,172.0,99,0.0,3
252172,210304,--,0.000,0.000,0.000,172.0,99,0.0,3
252265,210319,--,0.000,0.000,0.000,172.0,99,0.0,3
252311,210326,--,0.000,0.000,0.000,172.0,99,0.0,3
252358,210334,--,0.000,0.000,0.000,172.0,99,0.0,3
252425,210341,--,0.000,0.000,0.000,172.0,99,0.0,3
252487,210371,--,0.000,0.000,0.000,172.0,99,0.0,3
252517,210370,--,0.000,0.000,0.000,172.0,99,0.0,3
252544,210373,--,0.000,0.000,0.000,172.0,99,0.0,3
252606,210397,--,0.000,0.000,0.000,172.0,99,0.0,3
252669,210421,--,0.000,0.000,0.000,172.0,99,0.0,3
252711,210417,--,0.000,0.000,0.000,172.0,99,0.0,3
252718,210418,--,0.000,0.000,0.000,172.0,99,0.0,3
252674,210398,--,0.000,0.000,0.000,172.0,99,0.0,3
252444,210331,--,0.000,0.000,0.000,172.0,99,0.0,3
251982,210192,--,0.000,0.000,0.000,172.0,99,0.0,3
251557,210052,--,0.000,0.000,0.000,172.0,99,0.0,3
251337,209989,--,0.000,0.000,0.000,172.0,99,0.0,3
251275,209960,--,0.000,0.000,0.000,172.0,99,0.0,3
251269,209962,--,0.000,0.000,0.000,172.0,99,0.0,3
251325,209983,--,0.000,0.000,0.000,172.0,99,0.0,3
251403,209998,--,0.000,0.000,0.000,172.0,99,0.0,3
251508,210040,--,0.000,0.000,0.000,172.0,99,0.0,3
251599,210067,--,0.000,0.000,0.000,172.0,99,0.0,3
251690,210096,--,0.000,0.000,0.000,172.0,99,0.0,3
251791,210123,--,0.000,0.000,0.000,172.0,99,0.0,3
251870,210138,--,0.000,0.000,0.000,172.0,99,0.0,3
251944,210154,--,0.000,0.000,0.000,172.0,99,0.0,3
251988,210167,--,0.000,0.000,0.000,172.0,99,0.0,3
251996,210154,--,0.000,0.000,0.000,172.0,99,0.0,3
251942,210144,--,0.000,0.000,0.000,172.0,99,0.0,3
251862,210111,--,0.000,0.000,0.000,172.0,99,0.0,3
251805,210097,--,0.000,0.000,0.000,172.0,99,0.0,3
251798,210099,--,0.000,0.000,0.000,172.0,99,0.0,3
251841,210120,--,0.000,0.000,0.000,172.0,99,0.0,3
251903,210130,--,0.000,0.000,0.000,172.0,99,99.8,3
251986,210156,--,0.000,0.000,0.000,172.0,99,99.8,3
252081,210176,--,0.000,0.000,0.000,172.0,99,99.8,3
252159,210182,--,0.000,0.000,0.000,172.0,99,99.8,3
252217,210189,--,0.000,0.000,0.000,172.0,99,99.8,3
252272,210203,--,0.000,0.000,0.000,172.0,99,99.8,3
252365,210222,--,0.000,0.000,0.000,172.0,99,99.8,3
252419,210244,--,0.000,0.000,0.000,172.0,99,99.8,3
252458,210257,--,0.000,0.000,0.000,172.0,99,99.8,3
252502,210267,--,0.000,0.000,0.000,172.0,99,99.8,3
252574,210284,--,0.000,0.000,0.000,172.0,99,99.8,3
252643,210318,--,0.000,0.000,0.000,172.0,99,99.8,3
252678,210332,--,0.000,0.000,0.000,172.0,99,99.8,3
252531,210281,--,0.000,0.000,0.000,172.0,99,99.8,3
252172,210179,--,0.000,0.000,0.000,172.0,99,99.8,3
251762,210060,--,0.000,0.000,0.000,172.0,99,99.8,3
251516,209979,--,0.000,0.000,0.000,172.0,99,99.8,3
251451,209966,--,0.000,0.000,0.000,172.0,99,99.8,3
251451,209964,--,0.000,0.000,0.000,172.0,99,99.8,3
251527,209976,--,0.000,0.000,0.000,172.0,99,99.8,3
251657,210014,--,0.000,0.000,0.000,172.0,99,99.8,3
251789,210062,--,0.000,0.000,0.000,172.0,99,99.8,3
251909,210095,--,0.000,0.000,0.000,172.0,99,99.8,3
251984,210108,--,0.000,0.000,0.000,172.0,99,99.8,3
252048,210129,--,0.000,0.000,0.000,172.0,99,99.8,3
252097,210134,--,0.000,0.000,0.000,172.0,99,99.8,3
252152,210144,--,0.000,0.000,0.000,172.0,99,99.8,3
252206,210166,--,0.000,0.000,0.000,172.0,99,99.8,3
252256,210186,--,0.000,0.000,0.000,172.0,99,99.8,3
252276,210197,--,0.000,0.000,0.000,172.0,99,99.8,3
252258,210185,--,0.000,0.000,0.000,172.0,99,99.8,3
252255,210178,--,0.000,0.000,0.000,172.0,99,99.8,3
252280,210184,--,0.000,0.000,0.000,172.0,99,99.8,3
252363,210219,--,0.000,0.000,0.000,172.0,99,99.8,3
252508,210254,--,0.000,0.000,0.000,172.0,99,99.8,3
252625,210286,--,0.000,0.000,0.000,172.0,99,99.8,3
252756,210310,--,0.000,0.000,0.000,172.0,99,99.8,3
252857,210336,--,0.000,0.000,0.000,172.0,99,99.8,3
252950,210360,--,0.000,0.000,0.000,172.0,99,99.8,3
253049,210383,--,0.000,0.000,0.000,172.0,99,99.8,3
253198,210426,--,0.000,0.000,0.000,172.0,99,99.8,3
253304,210456,--,0.000,0.000,0.000,172.0,99,99.8,3
253366,210476,--,0.000,0.000,0.000,172.0,99,99.8,3
253409,210484,--,0.000,0.000,0.000,172.0,99,99.8,3
253434,210488,--,0.000,0.000,0.000,172.0,99,99.8,3
253451,210494,--,0.000,0.000,0.000,172.0,99,99.8,3
253435,210495,--,0.000,0.000,0.000,172.0,99,99.8,3
253188,210420,--,0.000,0.000,0.000,172.0,99,99.8,3
252706,210271,--,0.000,0.000,0.000,172.0,99,99.8,3
252225,210137,--,0.000,0.000,0.000,172.0,99,99.8,3
251944,210053,--,0.000,0.000,0.000,172.0,99,99.8,3
251824,210012,--,0.000,0.000,0.000,172.0,99,99.8,3
251839,210016,--,0.000,0.000,0.000,172.0,99,99.8,3
251902,210029,--,0.000,0.000,0.000,172.0,99,99.8,3
252024,210076,--,0.000,0.000,0.000,172.0,99,99.8,3
252152,210111,--,0.000,0.000,0.000,172.0,99,99.8,3
252230,210132,--,0.000,0.000,0.000,172.0,99,99.8,3
252316,210163,--,0.000,0.000,0.000,172.0,99,99.8,3
252451,210201,--,0.000,0.000,0.000,172.0,99,99.8,3
252571,210240,--,0.000,0.000,0.000,172.0,99,99.8,3
252626,210249,--,0.000,0.000,0.000,172.0,99,99.8,3
252669,210240,--,0.000,0.000,0.000,172.4,100,99.8,3
252633,210230,--,0.000,0.000,0.000,172.4,100,99.8,3
252591,210210,--,0.000,0.000,0.000,172.4,100,99.8,3
252575,210198,--,0.000,0.000,0.000,172.4,100,99.8,3
252612,210216,--,0.000,0.000,0.000,172.4,100,99.8,3
252696,210247,--,0.000,0.000,0.000,172.4,100,99.8,3
252777,210266,--,0.000,0.000,0.000,172.4,100,99.8,3
252840,210285,--,0.000,0.000,0.000,172.4,100,100.0,3
252887,210297,--,0.000,0.000,0.000,172.4,100,100.0,3
252917,210298,--,0.000,0.000,0.000,172.4,100,100.0,3
252945,210295,--,0.000,0.000,0.000,172.4,100,100.0,3
252995,210310,--,0.000,0.000,0.000,172.4,100,100.0,3
253039,210317,--,0.000,0.000,0.000,172.4,100,100.0,3
253084,210327,--,0.000,0.000,0.000,172.4,100,100.0,3
253128,210345,--,0.000,0.000,0.000,172.4,100,100.0,3
253168,210346,--,0.000,0.000,0.000,172.4,100,100.0,3
253206,210358,--,0.000,0.000,0.000,172.4,100,100.0,3
253221,210362,--,0.000,0.000,0.000,172.4,100,100.0,3
253192,210348,--,0.000,0.000,0.000,172.4,100,100.0,3
253060,210306,--,0.000,0.000,0.000,172.4,100,100.0,3
252736,210212,--,0.000,0.000,0.000,172.4,100,100.0,3
252313,210086,--,0.000,0.000,0.000,172.4,100,100.0,3
251982,209987,--,0.000,0.000,0.000,172.4,100,100.0,3
251829,209935,--,0.000,0.000,0.000,172.4,100,100.0,3
251822,209938,--,0.000,0.000,0.000,172.4,100,100.0,3
251883,209954,--,0.000,0.000,0.000,172.4,100,100.0,3
251992,209984,--,0.000,0.000,0.000,172.4,100,100.0,3
252065,210004,--,0.000,0.000,0.000,172.4,100,100.0,3
252109,210012,--,0.000,0.000,0.000,172.4,100,100.0,3
252164,210016,--,0.000,0.000,0.000,172.4,100,100.0,3
252216,210031,--,0.000,0.000,0.000,172.4,100,100.0,3
252310,210051,--,0.000,0.000,0.000,172.4,100,100.0,3
252404,210081,--,0.000,0.000,0.000,172.4,100,100.0,3
252447,210089,--,0.000,0.000,0.000,172.4,100,100.0,3
252452,210088,--,0.000,0.000,0.000,172.4,100,100.0,3
252395,210070,--,0.000,0.000,0.000,172.4,100,100.0,3
252337,210051,--,0.000,0.000,0.000,172.4,100,100.0,3
252307,210035,--,0.000,0.000,0.000,172.4,100,100.0,3
252292,210028,--,0.000,0.000,0.000,172.4,100,100.0,3
252287,210018,--,0.000,0.000,0.000,172.4,100,100.0,3
252323,210029,--,0.000,0.000,0.000,172.4,100,100.0,3
252412,210061,--,0.000,0.000,0.000,172.4,100,100.0,3
252502,210091,--,0.000,0.000,0.000,172.4,100,100.0,3
252590,210112,--,0.000,0.000,0.000,172.4,100,100.0,3
252666,210131,--,0.000,0.000,0.000,172.4,100,100.0,3
252729,210148,--,0.000,0.000,0.000,172.4,100,100.0,3
252776,210159,--,0.000,0.000,0.000,172.4,100,100.0,3
252793,210157,--,0.000,0.000,0.000,172.4,100,100.0,3
252832,210172,--,0.000,0.000,0.000,172.4,100,100.0,3
252892,210179,--,0.000,0.000,0.000,172.4,100,100.0,3
252943,210199,--,0.000,0.000,0.000,172.4,100,100.0,3
252980,210209,--,0.000,0.000,0.000,172.4,100,100.0,3
252946,210199,--,0.000,0.000,0.000,172.4,100,100.0,3
252736,210140,--,0.000,0.000,0.000,172.4,100,100.0,3
252356,210017,--,0.000,0.000,0.000,172.4,100,100.0,3
252007,209919,--,0.000,0.000,0.000,172.4,100,100.0,3
251860,209875,--,0.000,0.000,0.000,172.4,100,100.0,3
251830,209864,--,0.000,0.000,0.000,172.4,100,100.0,3
251859,209878,--,0.000,0.000,0.000,172.4,100,100.0,3
251922,209892,--,0.000,0.000,0.000,172.4,100,100.0,3
252002,209915,--,0.000,0.000,0.000,172.4,100,100.0,3
252079,209936,--,0.000,0.000,0.000,172.4,100,100.0,3
252167,209966,--,0.000,0.000,0.000,172.4,100,100.0,3
252258,209991,--,0.000,0.000,0.000,172.4,100,100.0,3
252345,210015,--,0.000,0.000,0.000,172.4,100,100.0,3
252424,210032,--,0.000,0.000,0.000,172.4,100,100.0,3
252485,210042,--,0.000,0.000,0.000,172.4,100,100.0,3
252511,210053,--,0.000,0.000,0.000,172.4,100,100.0,3
252507,210049,--,0.000,0.000,0.000,172.4,100,100.0,3
252472,210039,--,0.000,0.000,0.000,172.4,100,100.0,3
252417,210009,--,0.000,0.000,0.000,172.4,100,100.0,3
252393,210000,--,0.000,0.000,0.000,172.4,100,100.0,3
252371,209992,--,0.000,0.000,0.000,172.4,100,100.0,3
252357,209978,--,0.000,0.000,0.000,172.4,100,100.0,3
252335,209958,--,0.000,0.000,0.000,172.4,100,100.0,3
252339,209954,--,0.000,0.000,0.000,172.4,100,100.0,3
252387,209971,--,0.000,0.000,0.000,172.4,100,100.0,3
252417,209985,--,0.000,0.000,0.000,172.4,100,100.0,3
252477,209997,--,0.000,0.000,0.000,172.4,100,100.0,3
252529,210005,--,0.000,0.000,0.000,172.4,100,100.0,3
252548,210004,--,0.000,0.000,0.000,172.4,100,100.0,3
252576,210004,--,0.000,0.000,0.000,172.4,100,100.0,3
252609,210010,--,0.000,0.000,0.000,172.4,100,100.0,3
252677,210029,--,0.000,0.000,0.000,172.4,100,100.0,3
252775,210065,--,0.000,0.000,0.000,172.4,100,100.0,3
252842,210092,--,0.000,0.000,0.000,172.4,100,100.0,3
252839,210088,--,0.000,0.000,0.000,172.4,100,100.0,3
252594,210014,--,0.000,0.000,0.000,172.4,100,100.0,3
252201,209884,--,0.000,0.000,0.000,172.4,100,100.0,3
251917,209795,--,0.000,0.000,0.000,172.4,100,100.0,3
251780,209757,--,0.000,0.000,0.000,172.4,100,100.0,3
251776,209764,--,0.000,0.000,0.000,172.4,100,100.0,3
251817,209764,--,0.000,0.000,0.000,172.4,100,100.0,3
251890,209787,--,0.000,0.000,0.000,172.4,100,100.0,3
251963,209807,--,0.000,0.000,0.000,172.4,100,100.0,3
252032,209834,--,0.000,0.000,0.000,172.4,100,100.0,3
252098,209844,--,0.000,0.000,0.000,172.4,100,100.0,3
252160,209866,--,0.000,0.000,0.000,172.4,100,100.0,3
252241,209886,--,0.000,0.000,0.000,172.4,100,100.0,3
252302,209907,--,0.000,0.000,0.000,172.4,100,100.0,3
252346,209914,--,0.000,0.000,0.000,173.8,100,100.0,3
252366,209920,--,0.000,0.000,0.000,173.8,100,100.0,3
252337,209909,--,0.000,0.000,0.000,173.8,100,100.0,3
252311,209899,--,0.000,0.000,0.000,173.8,100,100.0,3
252308,209902,--,0.000,0.000,0.000,173.8,100,100.0,3
252318,209897,--,0.000,0.000,0.000,173.8,100,100.0,3
252332,209900,--,0.000,0.000,0.000,173.8,100,100.0,3
252359,209910,--,0.000,0.000,0.000,173.8,100,100.0,3
252404,209912,--,0.000,0.000,0.000,173.8,100,100.0,3
252460,209932,--,0.000,0.000,0.000,173.8,100,100.0,3
252511,209942,--,0.000,0.000,0.000,173.8,100,100.0,3
252576,209952,--,0.000,0.000,0.000,173.8,100,100.0,3
252632,209962,--,0.000,0.000,0.000,173.8,100,100.0,3
252681,209973,--,0.000,0.000,0.000,173.8,100,100.0,3
252725,209995,--,0.000,0.000,0.000,173.8,100,100.0,3
252771,210004,--,0.000,0.000,0.000,173.8,100,100.0,3
252813,210005,--,0.000,0.000,0.000,173.8,100,100.0,3
252864,210014,--,0.000,0.000,0.000,173.8,100,100.0,3
252905,210035,--,0.000,0.000,0.000,173.8,100,100.0,3
252940,210031,--,0.000,0.000,0.000,173.8,100,100.0,3
252965,210043,--,0.000,0.000,0.000,173.8,100,100.0,3
252980,210042,--,0.000,0.000,0.000,173.8,100,100.0,3
252889,210018,--,0.000,0.000,0.000,173.8,100,100.0,3
252558,209919,--,0.000,0.000,0.000,173.8,100,100.0,3
252184,209804,--,0.000,0.000,0.000,173.8,100,100.0,3
251981,209741,--,0.000,0.000,0.000,173.8,100,100.0,3
251896,209705,--,0.000,0.000,0.000,173.8,100,100.0,3
251905,209713,--,0.000,0.000,0.000,173.8,100,100.0,3
251983,209740,--,0.000,0.000,0.000,173.8,100,100.0,3
252063,209762,--,0.000,0.000,0.000,173.8,100,100.0,3
252136,209783,--,0.000,0.000,0.000,173.8,100,100.0,3
252193,209795,--,0.000,0.000,0.000,173.8,100,100.0,3
252238,209810,--,0.000,0.000,0.000,173.8,100,100.0,3
252304,209824,--,0.000,0.000,0.000,173.8,100,100.0,3
252381,209848,--,0.000,0.000,0.000,173.8,100,100.0,3
252431,209857,--,0.000,0.000,0.000,173.8,100,100.0,3
252451,209860,--,0.000,0.000,0.000,173.8,100,100.0,3
252440,209853,--,0.000,0.000,0.000,173.8,100,100.0,3
252383,209841,--,0.000,0.000,0.000,173.8,100,100.0,3
252348,209827,--,0.000,0.000,0.000,173.8,100,100.0,3
252343,209824,--,0.000,0.000,0.000,173.8,100,100.0,3
252379,209835,--,0.000,0.000,0.000,173.8,100,100.0,3
252399,209832,--,0.000,0.000,0.000,173.8,100,100.0,3
252449,209854,--,0.000,0.000,0.000,173.8,100,100.0,3
252501,209861,--,0.000,0.000,0.000,173.8,100,100.0,3
252563,209875,--,0.000,0.000,0.000,173.8,100,100.0,3
252643,209899,--,0.000,0.000,0.000,173.8,100,100.0,3
252707,209920,--,0.000,0.000,0.000,173.8,100,100.0,3
252758,209932,--,0.000,0.000,0.000,173.8,100,100.0,3
252819,209947,--,0.000,0.000,0.000,173.8,100,100.0,3
252865,209949,--,0.000,0.000,0.000,173.8,100,100.0,3
252902,209957,--,0.000,0.000,0.000,173.8,100,100.0,3
252928,209962,--,0.000,0.000,0.000,173.8,100,100.0,3
252946,209967,--,0.000,0.000,0.000,173.8,100,100.0,3
252959,209960,--,0.000,0.000,0.000,173.8,100,100.0,3
252983,209981,--,0.000,0.000,0.000,173.8,100,100.0,3
253026,209985,--,0.000,0.000,0.000,173.8,100,100.0,3
253073,210000,--,0.000,0.000,0.000,173.8,100,100.0,3
253120,210009,--,0.000,0.000,0.000,173.8,100,100.0,3
253125,210012,--,0.000,0.000,0.000,173.8,100,100.0,3
253031,209992,--,0.000,0.000,0.000,173.8,100,100.0,3
252704,209889,--,0.000,0.000,0.000,173.8,100,100.0,3
252306,209765,--,0.000,0.000,0.000,173.8,100,100.0,3
252091,209701,--,0.000,0.000,0.000,173.8,100,100.0,3
252008,209675,--,0.000,0.000,0.000,173.8,100,100.0,3
252008,209671,--,0.000,0.000,0.000,173.8,100,100.0,3
252069,209694,--,0.000,0.000,0.000,173.8,100,100.0,3
252158,209724,--,0.000,0.000,0.000,173.8,100,100.0,3
252244,209748,--,0.000,0.000,0.000,173.8,100,100.0,3
252322,209775,--,0.000,0.000,0.000,173.8,100,100.0,3
252390,209789,--,0.000,0.000,0.000,173.8,100,100.0,3
252484,209817,--,0.000,0.000,0.000,173.8,100,100.0,3
252559,209839,--,0.000,0.000,0.000,173.8,100,100.0,3
252596,209847,--,0.000,0.000,0.000,173.8,100,100.0,3
252614,209857,--,0.000,0.000,0.000,173.8,100,100.0,3
252609,209851,--,0.000,0.000,0.000,173.8,100,100.0,3
252598,209853,--,0.000,0.000,0.000,173.8,100,100.0,3
252582,209846,--,0.000,0.000,0.000,173.8,100,100.0,3
252558,209833,--,0.000,0.000,0.000,173.8,100,100.0,3
252588,209851,--,0.000,0.000,0.000,173.8,100,100.0,3
252635,209853,--,0.000,0.000,0.000,173.8,100,100.0,3
252706,209873,--,0.000,0.000,0.000,173.8,100,100.0,3
252762,209895,--,0.000,0.000,0.000,173.8,100,100.0,3
252841,209905,--,0.000,0.000,0.000,173.8,100,100.0,3
252913,209924,--,0.000,0.000,0.000,173.8,100,100.0,3
252977,209945,--,0.000,0.000,0.000,173.8,100,100.0,3
253040,209958,--,0.000,0.000,0.000,173.8,100,100.0,3
253102,209983,--,0.000,0.000,0.000,173.8,100,100.0,3
253161,209991,--,0.000,0.000,0.000,173.8,100,100.0,3
253225,210011,--,0.000,0.000,0.000,173.8,100,100.0,3
253252,210014,--,0.000,0.000,0.000,173.8,100,100.0,3
253279,210022,--,0.000,0.000,0.000,173.8,100,100.0,3
253308,210029,--,0.000,0.000,0.000,173.8,100,100.0,3
253344,210034,--,0.000,0.000,0.000,173.8,100,100.0,3
253376,210050,--,0.000,0.000,0.000,173.8,100,100.0,3
253404,210062,--,0.000,0.000,0.000,173.8,100,100.0,3
253459,210065,--,0.000,0.000,0.000,173.8,100,100.0,3
253512,210083,--,0.000,0.000,0.000,173.8,100,100.0,3
253570,210104,--,0.000,0.000,0.000,173.8,100,100.0,3
253565,210093,--,0.000,0.000,0.000,173.8,100,100.0,3
253380,210043,--,0.000,0.000,0.000,174.9,100,100.0,3
252995,209931,--,0.000,0.000,0.000,174.9,100,100.0,3
252576,209794,--,0.000,0.000,0.000,174.9,100,100.0,3
252326,209722,--,0.000,0.000,0.000,174.9,100,100.0,3
252257,209699,--,0.000,0.000,0.000,174.9,100,100.0,3
252286,209716,--,0.000,0.000,0.000,174.9,100,100.0,3
252370,209745,--,0.000,0.000,0.000,174.9,100,100.0,3
252474,209775,--,0.000,0.000,0.000,174.9,100,100.0,3
252571,209800,--,0.000,0.000,0.000,174.9,100,100.0,3
252659,209813,--,0.000,0.000,0.000,174.9,100,100.0,3
252726,209836,--,0.000,0.000,0.000,174.9,100,100.0,3
252809,209863,--,0.000,0.000,0.000,174.9,100,100.0,3
252888,209877,--,0.000,0.000,0.000,174.9,100,100.0,3
252945,209895,--,0.000,0.000,0.000,174.9,100,100.0,3
252978,209901,--,0.000,0.000,0.000,174.9,100,100.0,3
252982,209910,--,0.000,0.000,0.000,174.9,100,100.0,3
252953,209904,--,0.000,0.000,0.000,174.9,100,100.0,3
252940,209889,--,0.000,0.000,0.000,174.9,100,100.0,3
252945,209898,--,0.000,0.000,0.000,174.9,100,100.0,3
252981,209901,--,0.000,0.000,0.000,174.9,100,100.0,3
253033,209916,--,0.000,0.000,0.000,174.9,100,100.0,3
253108,209938,--,0.000,0.000,0.000,174.9,100,100.0,3
253155,209947,--,0.000,0.000,0.000,174.9,100,100.0,3
253231,209969,--,0.000,0.000,0.000,174.9,100,100.0,3
253312,209984,--,0.000,0.000,0.000,174.9,100,100.0,3
253392,210015,--,0.000,0.000,0.000,174.9,100,100.0,3
253462,210028,--,0.000,0.000,0.000,174.9,100,100.0,3
253527,210055,--,0.000,0.000,0.000,174.9,100,100.0,3
253565,210060,--,0.000,0.000,0.000,174.9,100,100.0,3
253596,210070,--,0.000,0.000,0.000,174.9,100,100.0,3
253631,210076,--,0.000,0.000,0.000,174.9,100,100.0,3
253655,210088,--,0.000,0.000,0.000,174.9,100,100.0,3
253679,210075,--,0.000,0.000,0.000,174.9,100,100.0,3
253682,210076,--,0.000,0.000,0.000,174.9,100,100.0,3
253666,210069,--,0.000,0.000,0.000,174.9,100,100.0,3
253668,210065,--,0.000,0.000,0.000,174.9,100,100.0,3
253671,210058,--,0.000,0.000,0.000,174.9,100,100.0,3
253699,210077,--,0.000,0.000,0.000,174.9,100,100.0,3
253746,210088,--,0.000,0.000,0.000,174.9,100,100.0,3
253760,210087,--,0.000,0.000,0.000,174.9,100,100.0,3
253712,210077,--,0.000,0.000,0.000,174.9,100,100.0,3
253427,209998,--,0.000,0.000,0.000,174.9,100,100.0,3
253005,209873,--,0.000,0.000,0.000,174.9,100,100.0,3
252606,209761,--,0.000,0.000,0.000,174.9,100,100.0,3
252411,209688,--,0.000,0.000,0.000,174.9,100,100.0,3
252400,209693,--,0.000,0.000,0.000,174.9,100,100.0,3
252467,209717,--,0.000,0.000,0.000,174.9,100,100.0,3
252584,209748,--,0.000,0.000,0.000,174.9,100,100.0,3
252714,209786,--,0.000,0.000,0.000,174.9,100,100.0,3
252804,209811,--,0.000,0.000,0.000,174.9,100,100.0,3
252871,209828,--,0.000,0.000,0.000,174.9,100,100.0,3
252948,209850,--,0.000,0.000,0.000,174.9,100,100.0,3
253014,209855,--,0.000,0.000,0.000,174.9,100,100.0,3
253080,209882,--,0.000,0.000,0.000,174.9,100,100.0,3
253124,209899,--,0.000,0.000,0.000,174.9,100,100.0,3
253131,209895,--,0.000,0.000,0.000,174.9,100,100.0,3
253110,209892,--,0.000,0.000,0.000,174.9,100,100.0,3
253091,209880,--,0.000,0.000,0.000,174.9,100,100.0,3
253087,209875,--,0.000,0.000,0.000,174.9,100,100.0,3
253105,209878,--,0.000,0.000,0.000,174.9,100,100.0,3
253110,209878,--,0.000,0.000,0.000,174.9,100,100.0,3
253166,209895,--,0.000,0.000,0.000,174.9,100,100.0,3
253225,209905,--,0.000,0.000,0.000,174.9,100,100.0,3
253294,209924,--,0.000,0.000,0.000,174.9,100,100.0,3
253369,209946,--,0.000,0.000,0.000,174.9,100,100.0,3
253429,209962,--,0.000,0.000,0.000,174.9,100,100.0,3
253491,209974,--,0.000,0.000,0.000,174.9,100,100.0,3
253544,209994,--,0.000,0.000,0.000,174.9,100,100.0,3
253596,210007,--,0.000,0.000,0.000,174.9,100,100.0,3
253627,210009,--,0.000,0.000,0.000,174.9,100,100.0,3
253649,210008,--,0.000,0.000,0.000,174.9,100,100.0,3
253657,210009,--,0.000,0.000,0.000,174.9,100,100.0,3
253674,210016,--,0.000,0.000,0.000,174.9,100,100.0,3
253682,210019,--,0.000,0.000,0.000,174.9,100,100.0,3
253687,210014,--,0.000,0.000,0.000,174.9,100,100.0,3
253693,210013,--,0.000,0.000,0.000,174.9,100,100.0,3
253706,210018,--,0.000,0.000,0.000,174.9,100,100.0,3
253750,210032,--,0.000,0.000,0.000,174.9,100,100.0,3
253792,210044,--,0.000,0.000,0.000,174.9,100,100.0,3
253823,210054,--,0.000,0.000,0.000,174.9,100,100.0,3
253833,210053,--,0.000,0.000,0.000,174.9,100,100.0,3
253734,210023,--,0.000,0.000,0.000,174.9,100,100.0,3
253394,209920,--,0.000,0.000,0.000,174.9,100,100.0,3
252954,209805,--,0.000,0.000,0.000,174.9,100,100.0,3
252619,209690,--,0.000,0.000,0.000,174.9,100,100.0,3
252464,209636,--,0.000,0.000,0.000,174.9,100,100.0,3
252456,209641,--,0.000,0.000,0.000,174.9,100,100.0,3
252530,209661,--,0.000,0.000,0.000,174.9,100,100.0,3
252626,209685,--,0.000,0.000,0.000,174.9,100,100.0,3
252745,209718,--,0.000,0.000,0.000,174.9,100,100.0,3
252840,209758,--,0.000,0.000,0.000,174.9,100,100.0,3
252925,209776,--,0.000,0.000,0.000,174.9,100,100.0,3
253017,209799,--,0.000,0.000,0.000,174.9,100,100.0,3
253102,209829,--,0.000,0.000,0.000,174.9,100,100.0,3
253150,209835,--,0.000,0.000,0.000,174.9,100,100.0,3
253177,209848,--,0.000,0.000,0.000,174.9,100,100.0,3
253166,209837,--,0.000,0.000,0.000,174.9,100,100.0,3
253156,209838,--,0.000,0.000,0.000,174.9,100,100.0,3
253149,209839,--,0.000,0.000,0.000,174.9,100,100.0,3
253153,209835,--,0.000,0.000,0.000,174.9,100,100.0,3
253171,209834,--,0.000,0.000,0.000,175.4,100,100.0,3
253205,209848,--,0.000,0.000,0.000,175.4,100,100.0,3
253259,209857,--,0.000,0.000,0.000,175.4,100,100.0,3
253331,209878,--,0.000,0.000,0.000,175.4,100,100.0,3
253406,209890,--,0.000,0.000,0.000,175.4,100,100.0,3
253489,209920,--,0.000,0.000,0.000,175.4,100,100.0,3
253565,209944,--,0.000,0.000,0.000,175.4,100,100.0,3
253612,209956,--,0.000,0.000,0.000,175.4,100,100.0,3
253684,209979,--,0.000,0.000,0.000,175.4,100,100.0,3
253726,209981,--,0.000,0.000,0.000,175.4,100,100.0,3
253767,209998,--,0.000,0.000,0.000,175.4,100,100.0,3
253788,210007,--,0.000,0.000,0.000,175.4,100,100.0,3
253804,210006,--,0.000,0.000,0.000,175.4,100,100.0,3
253825,210010,--,0.000,0.000,0.000,175.4,100,100.0,3
253848,210014,--,0.000,0.000,0.000,175.4,100,100.0,3
253866,210019,--,0.000,0.000,0.000,175.4,100,100.0,3
253876,210026,--,0.000,0.000,0.000,175.4,100,100.0,3
253902,210032,--,0.000,0.000,0.000,175.4,100,100.0,3
253920,210038,--,0.000,0.000,0.000,175.4,100,100.0,3
253950,210036,--,0.000,0.000,0.000,175.4,100,100.0,3
253975,210050,--,0.000,0.000,0.000,175.4,100,100.0,3
253989,210059,--,0.000,0.000,0.000,175.4,100,100.0,3
253852,210018,--,0.000,0.000,0.000,175.4,100,100.0,3
253500,209906,--,0.000,0.000,0.000,175.4,100,100.0,3
253087,209793,--,0.000,0.000,0.000,175.4,100,100.0,3
252755,209684,--,0.000,0.000,0.000,175.4,100,100.0,3
252593,209633,--,0.000,0.000,0.000,175.4,100,100.0,3
252602,209640,--,0.000,0.000,0.000,175.4,100,100.0,3
252693,209659,--,0.000,0.000,0.000,175.4,100,100.0,3
252820,209712,--,0.000,0.000,0.000,175.4,100,100.0,3
252940,209741,--,0.000,0.000,0.000,175.4,100,100.0,3
253028,209762,--,0.000,0.000,0.000,175.4,100,100.0,3
253111,209775,--,0.000,0.000,0.000,175.4,100,100.0,3
253197,209809,--,0.000,0.000,0.000,175.4,100,100.0,3
253275,209833,--,0.000,0.000,0.000,175.4,100,100.0,3
253331,209836,--,0.000,0.000,0.000,175.4,100,100.0,3
253359,209864,--,0.000,0.000,0.000,175.4,100,100.0,3
253362,209854,--,0.000,0.000,0.000,175.4,100,100.0,3
253332,209837,--,0.000,0.000,0.000,175.4,100,100.0,3
253305,209832,--,0.000,0.000,0.000,175.4,100,100.0,3
253295,209836,--,0.000,0.000,0.000,175.4,100,100.0,3
253318,209838,--,0.000,0.000,0.000,175.4,100,100.0,3
253373,209858,--,0.000,0.000,0.000,175.4,100,100.0,3
253439,209867,--,0.000,0.000,0.000,175.4,100,100.0,3
253516,209890,--,0.000,0.000,0.000,175.4,100,100.0,3
253593,209914,--,0.000,0.000,0.000,175.4,100,100.0,3
253650,209927,--,0.000,0.000,0.000,175.4,100,100.0,3
253699,209944,--,0.000,0.000,0.000,175.4,100,100.0,3
253742,209951,--,0.000,0.000,0.000,175.4,100,100.0,3
253778,209963,--,0.000,0.000,0.000,175.4,100,100.0,3
253821,209972,--,0.000,0.000,0.000,175.4,100,100.0,3
253836,209983,--,0.000,0.000,0.000,175.4,100,100.0,3
253872,209984,--,0.000,0.000,0.000,175.4,100,100.0,3
253894,209983,--,0.000,0.000,0.000,175.4,100,100.0,3
253904,209991,--,0.000,0.000,0.000,175.4,100,100.0,3
253921,209994,--,0.000,0.000,0.000,175.4,100,100.0,3
253940,209998,--,0.000,0.000,0.000,175.4,100,100.0,3
253963,210002,--,0.000,0.000,0.000,175.4,100,100.0,3
253995,210010,--,0.000,0.000,0.000,175.4,100,100.0,3
254021,210015,--,0.000,0.000,0.000,175.4,100,100.0,3
254046,210023,--,0.000,0.000,0.000,175.4,100,100.0,3
254074,210037,--,0.000,0.000,0.000,175.4,100,100.0,3
254081,210033,--,0.000,0.000,0.000,175.4,100,100.0,3
253970,210000,--,0.000,0.000,0.000,175.4,100,100.0,3
253647,209902,--,0.000,0.000,0.000,175.4,100,100.0,3
253237,209786,--,0.000,0.000,0.000,175.4,100,100.0,3
252888,209678,--,0.000,0.000,0.000,175.4,100,100.0,3
252699,209617,--,0.000,0.000,0.000,175.4,100,100.0,3
252671,209614,--,0.000,0.000,0.000,175.4,100,100.0,3
252754,209637,--,0.000,0.000,0.000,175.4,100,100.0,3
252880,209672,--,0.000,0.000,0.000,175.4,100,100.0,3
253008,209711,--,0.000,0.000,0.000,175.4,100,100.0,3
253093,209729,--,0.000,0.000,0.000,175.4,100,100.0,3
253154,209756,--,0.000,0.000,0.000,175.4,100,100.0,3
253231,209771,--,0.000,0.000,0.000,175.4,100,100.0,3
253337,209808,--,0.000,0.000,0.000,175.4,100,100.0,3
253418,209819,--,0.000,0.000,0.000,175.4,100,100.0,3
253469,209840,--,0.000,0.000,0.000,175.4,100,100.0,3
253472,209844,--,0.000,0.000,0.000,175.4,100,100.0,3
253446,209833,--,0.000,0.000,0.000,175.4,100,100.0,3
253410,209815,--,0.000,0.000,0.000,175.4,100,100.0,3
253401,209811,--,0.000,0.000,0.000,175.4,100,100.0,3
253422,209819,--,0.000,0.000,0.000,175.4,100,100.0,3
253463,209835,--,0.000,0.000,0.000,175.4,100,100.0,3
253510,209846,--,0.000,0.000,0.000,175.4,100,100.0,3
253583,209865,--,0.000,0.000,0.000,175.4,100,100.0,3
253660,209885,--,0.000,0.000,0.000,175.4,100,100.0,3
253719,209904,--,0.000,0.000,0.000,175.4,100,100.0,3
253766,209913,--,0.000,0.000,0.000,175.4,100,100.0,3
253832,209933,--,0.000,0.000,0.000,175.4,100,100.0,3
253878,209944,--,0.000,0.000,0.000,175.4,100,100.0,3
253916,209958,--,0.000,0.000,0.000,175.4,100,100.0,3
253944,209963,--,0.000,0.000,0.000,175.4,100,100.0,3
253969,209970,--,0.000,0.000,0.000,175.4,100,100.0,3
253990,209976,--,0.000,0.000,0.000,175.4,100,100.0,3
254018,209982,--,0.000,0.000,0.000,175.4,100,100.0,3
254028,209986,--,0.000,0.000,0.000,175.4,100,100.0,3
254041,209986,--,0.000,0.000,0.000,175.4,100,100.0,3
254055,209997,--,0.000,0.000,0.000,175.4,100,100.0,3
254084,209995,--,0.000,0.000,0.000,175.4,100,100.0,3
254118,210005,--,0.000,0.000,0.000,176.6,100,100.0,3
254149,210013,--,0.000,0.000,0.000,176.6,100,100.0,3
254189,210026,--,0.000,0.000,0.000,176.6,100,100.0,3
254212,210033,--,0.000,0.000,0.000,176.6,100,100.0,3
254182,210024,--,0.000,0.000,0.000,176.6,100,100.0,3
253966,209958,--,0.000,0.000,0.000,176.6,100,100.0,3
253548,209836,--,0.000,0.000,0.000,176.6,100,100.0,3
253140,209717,--,0.000,0.000,0.000,176.6,100,100.0,3
252846,209628,--,0.000,0.000,0.000,176.6,100,100.0,3
252751,209602,--,0.000,0.000,0.000,176.6,100,100.0,3
252758,209593,--,0.000,0.000,0.000,176.6,100,100.0,3
252859,209632,--,0.000,0.000,0.000,176.6,100,100.0,3
252968,209665,--,0.000,0.000,0.000,176.6,100,100.0,3
253071,209700,--,0.000,0.000,0.000,176.6,100,100.0,3
253143,209714,--,0.000,0.000,0.000,176.6,100,100.0,3
253243,209738,--,0.000,0.000,0.000,176.6,100,100.0,3
253324,209771,--,0.000,0.000,0.000,176.6,100,100.0,3
253410,209787,--,0.000,0.000,0.000,176.6,100,100.0,3
253481,209806,--,0.000,0.000,0.000,176.6,100,100.0,3
253494,209818,--,0.000,0.000,0.000,176.6,100,100.0,3
253487,209812,--,0.000,0.000,0.000,176.6,100,100.0,3
253475,209804,--,0.000,0.000,0.000,176.6,100,100.0,3
253475,209811,--,0.000,0.000,0.000,176.6,100,100.0,3
253473,209796,--,0.000,0.000,0.000,176.6,100,100.0,3
253502,209802,--,0.000,0.000,0.000,176.6,100,100.0,3
253547,209827,--,0.000,0.000,0.000,176.6,100,100.0,3
253616,209842,--,0.000,0.000,0.000,176.6,100,100.0,3
253694,209866,--,0.000,0.000,0.000,176.6,100,100.0,3
253785,209895,--,0.000,0.000,0.000,176.6,100,100.0,3
253843,209909,--,0.000,0.000,0.000,176.6,100,100.0,3
253890,209923,--,0.000,0.000,0.000,176.6,100,100.0,3
253927,209924,--,0.000,0.000,0.000,176.6,100,100.0,3
253948,209931,--,0.000,0.000,0.000,176.6,100,100.0,3
253977,209932,--,0.000,0.000,0.000,176.6,100,100.0,3
254005,209943,--,0.000,0.000,0.000,176.6,100,100.0,3
254027,209947,--,0.000,0.000,0.000,176.6,100,100.0,3
254045,209963,--,0.000,0.000,0.000,176.6,100,100.0,3
254076,209970,--,0.000,0.000,0.000,176.6,100,100.0,3
254093,209965,--,0.000,0.000,0.000,176.6,100,100.0,3
254098,209966,--,0.000,0.000,0.000,176.6,100,100.0,3
254117,209972,--,0.000,0.000,0.000,176.6,100,100.0,3
254128,209972,--,0.000,0.000,0.000,176.6,100,100.0,3
254171,209984,--,0.000,0.000,0.000,176.6,100,100.0,3
254197,209985,--,0.000,0.000,0.000,176.6,100,100.0,3
254224,209999,--,0.000,0.000,0.000,176.6,100,100.0,3
254248,210006,--,0.000,0.000,0.000,176.6,100,100.0,3
254234,210002,--,0.000,0.000,0.000,176.6,100,100.0,3
254065,209951,--,0.000,0.000,0.000,176.6,100,100.0,3
253658,209835,--,0.000,0.000,0.000,176.6,100,100.0,3
253216,209703,--,0.000,0.000,0.000,176.6,100,100.0,3
252890,209597,--,0.000,0.000,0.000,176.6,100,100.0,3
252747,209565,--,0.000,0.000,0.000,176.6,100,100.0,3
252759,209568,--,0.000,0.000,0.000,176.6,100,100.0,3
252847,209596,--,0.000,0.000,0.000,176.6,100,100.0,3
252992,209644,--,0.000,0.000,0.000,176.6,100,100.0,3
253135,209683,--,0.000,0.000,0.000,176.6,100,100.0,3
253241,209710,--,0.000,0.000,0.000,176.6,100,100.0,3
253322,209735,--,0.000,0.000,0.000,176.6,100,100.0,3
253413,209757,--,0.000,0.000,0.000,176.6,100,100.0,3
253504,209782,--,0.000,0.000,0.000,176.6,100,100.0,3
253586,209808,--,0.000,0.000,0.000,176.6,100,100.0,3
253624,209827,--,0.000,0.000,0.000,176.6,100,100.0,3
253625,209813,--,0.000,0.000,0.000,176.6,100,100.0,3
253589,209807,--,0.000,0.000,0.000,176.6,100,100.0,3
253542,209786,--,0.000,0.000,0.000,176.6,100,100.0,3
253532,209784,--,0.000,0.000,0.000,176.6,100,100.0,3
253558,209795,--,0.000,0.000,0.000,176.6,100,100.0,3
253609,209805,--,0.000,0.000,0.000,176.6,100,100.0,3
253677,209831,--,0.000,0.000,0.000,176.6,100,100.0,3
253737,209843,--,0.000,0.000,0.000,176.6,100,100.0,3
253793,209864,--,0.000,0.000,0.000,176.6,100,100.0,3
253855,209882,--,0.000,0.000,0.000,176.6,100,100.0,3
253922,209898,--,0.000,0.000,0.000,176.6,100,100.0,3
253976,209914,--,0.000,0.000,0.000,176.6,100,100.0,3
254006,209918,--,0.000,0.000,0.000,176.6,100,100.0,3
254037,209931,--,0.000,0.000,0.000,176.6,100,100.0,3
254059,209936,--,0.000,0.000,0.000,176.6,100,100.0,3
254094,209949,--,0.000,0.000,0.000,176.6,100,100.0,3
254116,209953,--,0.000,0.000,0.000,176.6,100,100.0,3
254132,209952,--,0.000,0.000,0.000,176.6,100,100.0,3
254158,209964,--,0.000,0.000,0.000,176.6,100,100.0,3
254168,209967,--,0.000,0.000,0.000,176.6,100,100.0,3
254191,209968,--,0.000,0.000,0.000,176.6,100,100.0,3
254212,209981,--,0.000,0.000,0.000,176.6,100,100.0,3
254229,209979,--,0.000,0.000,0.000,176.6,100,100.0,3
254238,209983,--,0.000,0.000,0.000,176.6,100,100.0,3
254284,209990,--,0.000,0.000,0.000,176.6,100,100.0,3
254319,210006,--,0.000,0.000,0.000,176.6,100,100.0,3
254342,210006,--,0.000,0.000,0.000,176.6,100,100.0,3
254350,210012,--,0.000,0.000,0.000,176.6,100,100.0,3
254304,210002,--,0.000,0.000,0.000,176.6,100,100.0,3
254026,209910,--,0.000,0.000,0.000,176.6,100,100.0,3
253553,209777,--,0.000,0.000,0.000,176.6,100,100.0,3
253152,209659,--,0.000,0.000,0.000,176.6,100,100.0,3
252907,209581,--,0.000,0.000,0.000,176.6,100,100.0,3
252847,209563,--,0.000,0.000,0.000,176.6,100,100.0,3
252885,209577,--,0.000,0.000,0.000,176.6,100,100.0,3
252986,209610,--,0.000,0.000,0.000,176.6,100,100.0,3
253105,209642,--,0.000,0.000,0.000,176.6,100,100.0,3
253194,209669,--,0.000,0.000,0.000,176.6,100,100.0,3
253254,209680,--,0.000,0.000,0.000,178.1,100,100.0,3
253338,209712,--,0.000,0.000,0.000,178.1,100,100.0,3
253425,209729,--,0.000,0.000,0.000,178.1,100,100.0,3
253505,209755,--,0.000,0.000,0.000,178.1,100,100.0,3
253548,209776,--,0.000,0.000,0.000,178.1,100,100.0,3
253564,209780,--,0.000,0.000,0.000,178.1,100,100.0,3
253560,209769,--,0.000,0.000,0.000,178.1,100,100.0,3
253535,209763,--,0.000,0.000,0.000,178.1,100,100.0,3
253519,209767,--,0.000,0.000,0.000,178.1,100,100.0,3
253505,209755,--,0.000,0.000,0.000,178.1,100,100.0,3
253516,209759,--,0.000,0.000,0.000,178.1,100,100.0,3
253580,209783,--,0.000,0.000,0.000,178.1,100,100.0,3
253649,209790,--,0.000,0.000,0.000,178.1,100,100.0,3
253717,209821,--,0.000,0.000,0.000,178.1,100,100.0,3
253784,209832,--,0.000,0.000,0.000,178.1,100,100.0,3
253824,209835,--,0.000,0.000,0.000,178.1,100,100.0,3
253880,209863,--,0.000,0.000,0.000,178.1,100,100.0,3
253946,209877,--,0.000,0.000,0.000,178.1,100,100.0,3
253995,209893,--,0.000,0.000,0.000,178.1,100,100.0,3
254022,209902,--,0.000,0.000,0.000,178.1,100,100.0,3
254056,209911,--,0.000,0.000,0.000,178.1,100,100.0,3
254066,209907,--,0.000,0.000,0.000,178.1,100,100.0,3
254101,209917,--,0.000,0.000,0.000,178.1,100,100.0,3
254132,209935,--,0.000,0.000,0.000,178.1,100,100.0,3
254151,209935,--,0.000,0.000,0.000,178.1,100,100.0,3
254152,209933,--,0.000,0.000,0.000,178.1,100,100.0,3
254175,209936,--,0.000,0.000,0.000,178.1,100,100.0,3
254194,209947,--,0.000,0.000,0.000,178.1,100,100.0,3
254234,209957,--,0.000,0.000,0.000,178.1,100,100.0,3
254272,209972,--,0.000,0.000,0.000,178.1,100,100.0,3
254305,209984,--,0.000,0.000,0.000,178.1,100,100.0,3
254343,209991,--,0.000,0.000,0.000,178.1,100,100.0,3
254370,209995,--,0.000,0.000,0.000,178.1,100,100.0,3
254390,210003,--,0.000,0.000,0.000,178.1,100,100.0,3
254364,209994,--,0.000,0.000,0.000,178.1,100,100.0,3
254150,209927,--,0.000,0.000,0.000,178.1,100,100.0,3
253685,209793,--,0.000,0.000,0.000,178.1,100,100.0,3
253260,209669,--,0.000,0.000,0.000,178.1,100,100.0,3
252959,209586,--,0.000,0.000,0.000,178.1,100,100.0,3
252872,209554,--,0.000,0.000,0.000,178.1,100,100.0,3
252898,209567,--,0.000,0.000,0.000,178.1,100,100.0,3
252988,209589,--,0.000,0.000,0.000,178.1,100,100.0,3
253129,209632,--,0.000,0.000,0.000,178.1,100,100.0,3
253223,209663,--,0.000,0.000,0.000,178.1,100,100.0,3
253308,209679,--,0.000,0.000,0.000,178.1,100,100.0,3
253355,209691,--,0.000,0.000,0.000,178.1,100,100.0,3
253440,209716,--,0.000,0.000,0.000,178.1,100,100.0,3
253527,209737,--,0.000,0.000,0.000,178.1,100,100.0,3
253589,209761,--,0.000,0.000,0.000,178.1,100,100.0,3
253632,209765,--,0.000,0.000,0.000,178.1,100,100.0,3
253622,209768,--,0.000,0.000,0.000,178.1,100,100.0,3
253579,209762,--,0.000,0.000,0.000,178.1,100,100.0,3
253540,209734,--,0.000,0.000,0.000,178.1,100,100.0,3
253517,209730,--,0.000,0.000,0.000,178.1,100,100.0,3
253486,209719,--,0.000,0.000,0.000,178.1,100,100.0,3
253495,209717,--,0.000,0.000,0.000,178.1,100,100.0,3
253518,209728,--,0.000,0.000,0.000,178.1,100,100.0,3
253581,209740,--,0.000,0.000,0.000,178.1,100,100.0,3
253643,209754,--,0.000,0.000,0.000,178.1,100,100.0,3
253704,209767,--,0.000,0.000,0.000,178.1,100,100.0,3
253778,209788,--,0.000,0.000,0.000,178.1,100,100.0,3
253839,209810,--,0.000,0.000,0.000,178.1,100,100.0,3
253873,209820,--,0.000,0.000,0.000,178.1,100,100.0,3
253903,209826,--,0.000,0.000,0.000,178.1,100,100.0,3
253916,209829,--,0.000,0.000,0.000,178.1,100,100.0,3
253919,209827,--,0.000,0.000,0.000,178.1,100,100.0,3
253933,209832,--,0.000,0.000,0.000,178.1,100,100.0,3
253930,209825,--,0.000,0.000,0.000,178.1,100,100.0,3
253922,209827,--,0.000,0.000,0.000,178.1,100,100.0,3
253937,209825,--,0.000,0.000,0.000,178.1,100,100.0,3
253959,209832,--,0.000,0.000,0.000,178.1,100,100.0,3
253987,209835,--,0.000,0.000,0.000,178.1,100,100.0,3
